"claim_id","case_id","claim_index","question","rubric","claim_text","evidence_id","record_id","source_title","selected_quote","context_needed","ai_quote_support","ai_full_returned_evidence_support","ai_task_completeness","ai_attribution_review","ai_subject_unit_time_review","ai_extra_information_review","ai_review_note","suggested_revision","human_verdict","human_notes","evaluation_source","original_output_sha256","question_file_sha256"
"dev-01-1","dev-01","1","What feedstock supplies the biogas digesters used in Total and GoodPlanet's employee air-travel offset project, and where is the project?","[""Answer the requested point using the specified original advertisement."",""Attribute assertions to the advertiser or quoted speaker; do not turn forecasts or claims into verified outcomes.""]","The digesters are fed daily with livestock slurry. [1]","f3f7d517d5800644716ec19a1aaa57bd0345990cb94b06b14cee3de86e3a6c80","01374b51-3fae-5fe7-8c60-b4bffa2b7ba0","Biogas to offset air travel emissions","A biogas digester is a concrete structure with a fermentation chamber that is fed with livestock slurry each day. As the slurry decomposes, it produces biogas (methane and CO2) that can supply a household with two to three cubic meters of gas per day, or three to four hours of cooking heat and hot water.","问题与同文相邻句将消化池定义连接到 Total/GoodPlanet 项目。","直接支持","返回片段支持；不代表广告主张经独立事实核实","原料问题已答；广告归因需人工确认。","正文未写 according to the advertisement，按 rubric 存在显式归因缺口。","livestock slurry 与每日投料均有据；没有声称碳减排或健康效果已测定。","无额外量化效果。","内容对应原句；仍应把一般工艺描述与该广告所述项目事实区分，并明确来源属性。","According to the advertisement, the digesters use livestock slurry as their daily feedstock.","","","../outputs/development_paid_citation_first_20260916.json","715ef0dc66b18eb0a9ea7c19f674f036dbb85bb275a089f650dac3563bc50f41","270acbf50d29cdccdcde563d29c8a3217ce90814782769fabcdcec9df14aaac4"
"dev-01-2","dev-01","2","What feedstock supplies the biogas digesters used in Total and GoodPlanet's employee air-travel offset project, and where is the project?","[""Answer the requested point using the specified original advertisement."",""Attribute assertions to the advertiser or quoted speaker; do not turn forecasts or claims into verified outcomes.""]","The project is in Adilabad district, India. [2]","f3f7d517d5800644716ec19a1aaa57bd0345990cb94b06b14cee3de86e3a6c80","01374b51-3fae-5fe7-8c60-b4bffa2b7ba0","Biogas to offset air travel emissions","""We'd reduced the number of trips by 20 percent since 2014. It didn't make sense to offset our carbon emissions without cutting back on air travel first."" Total and GoodPlanet Foundation signed an agreement in late 2017 to neutralize the carbon emissions of all Total employee air travel through a biogas digester project in Adilabad district, India.","所选引文直接给出 Adilabad district, India。","直接支持","返回片段支持；不代表广告主张经独立事实核实","地点问题已答；与 claim 1 合计覆盖原问题。","同一回答没有显式广告归因，引用标记不能完全替代 rubric 的归因要求。","地点正确；没有把 8,400 台规划安装量或预计收益当成完成事实。","无无据额外事实。","这是有来源的地点转述；建议与第一句共用明确广告归因。","The advertisement locates the project in Adilabad district, India.","","","../outputs/development_paid_citation_first_20260916.json","715ef0dc66b18eb0a9ea7c19f674f036dbb85bb275a089f650dac3563bc50f41","270acbf50d29cdccdcde563d29c8a3217ce90814782769fabcdcec9df14aaac4"
"dev-02-1","dev-02","1","How does the ExxonMobil Baytown hydrogen advertisement link natural gas to CCS, and is the new hydrogen facility described as already completed?","[""Answer the requested point using the specified original advertisement."",""Attribute assertions to the advertiser or quoted speaker; do not turn forecasts or claims into verified outcomes.""]","The advertisement describes blue hydrogen as being produced from natural gas together with carbon capture and storage (CCS). [1]","63eb9019881347c2d291ea3455f6fd40039975e33c9cd489ba10b8807989409c","0d2b4bc2-4397-5604-8235-fcda8c7088f7","Hydrogen: Another Chapter in ExxonMobil's Lower-Emissions Ambitions","Blue hydrogen is a low-carbon fuel produced from natural gas in combination with carbon capture and storage (CCS). This clean-burning fuel produces zero CO2 when combusted, meaning it can play a vital role in a lower-emission future.","无需额外事实；the advertisement 指问题指定的 ExxonMobil 广告。","直接支持","返回片段支持；不代表广告主张经独立事实核实","天然气与 CCS 的技术关系已答。","明确写 the advertisement describes。","蓝氢由天然气结合 CCS 生产；没有把燃烧零 CO2 扩成生命周期零排放。","未复述所选引文中的环保评价，避免了不必要的真实效果断言。","主体、技术关系与引文一致。","","","","../outputs/development_paid_citation_first_20260916.json","715ef0dc66b18eb0a9ea7c19f674f036dbb85bb275a089f650dac3563bc50f41","270acbf50d29cdccdcde563d29c8a3217ce90814782769fabcdcec9df14aaac4"
"dev-02-2","dev-02","2","How does the ExxonMobil Baytown hydrogen advertisement link natural gas to CCS, and is the new hydrogen facility described as already completed?","[""Answer the requested point using the specified original advertisement."",""Attribute assertions to the advertiser or quoted speaker; do not turn forecasts or claims into verified outcomes.""]","It presents the Baytown facility as a recently announced plan to build, rather than as an already completed facility. [2]","63eb9019881347c2d291ea3455f6fd40039975e33c9cd489ba10b8807989409c","0d2b4bc2-4397-5604-8235-fcda8c7088f7","Hydrogen: Another Chapter in ExxonMobil's Lower-Emissions Ambitions","By ExxonMobil There's a buzz in Baytown, Texas. The city just outside of Houston is already home to one of ExxonMobil's largest integrated refining and chemical complexes. It's also the site of the company's recently announced plan to build a world-scale blue hydrogen facility.","It 承接上一句的 advertisement；同文区分已有炼化设施与新蓝氢设施。","直接支持","返回片段支持；不代表广告主张经独立事实核实","新设施尚属建设计划的问题已答。","承接明确广告归因。","recently announced plan to build 对应原句；没有把已存在的炼化综合体误当作已建蓝氢装置。","无无据额外事实。","规划与既有设施边界保留。","","","","../outputs/development_paid_citation_first_20260916.json","715ef0dc66b18eb0a9ea7c19f674f036dbb85bb275a089f650dac3563bc50f41","270acbf50d29cdccdcde563d29c8a3217ce90814782769fabcdcec9df14aaac4"
"dev-02-3","dev-02","3","How does the ExxonMobil Baytown hydrogen advertisement link natural gas to CCS, and is the new hydrogen facility described as already completed?","[""Answer the requested point using the specified original advertisement."",""Attribute assertions to the advertiser or quoted speaker; do not turn forecasts or claims into verified outcomes.""]","The advertisement says the facility could produce up to 1 billion cubic feet a day once completed, further indicating that completion is in the future. [3]","63eb9019881347c2d291ea3455f6fd40039975e33c9cd489ba10b8807989409c","0d2b4bc2-4397-5604-8235-fcda8c7088f7","Hydrogen: Another Chapter in ExxonMobil's Lower-Emissions Ambitions","Once completed, the new facility could produce up to 1 billion cubic feet a day of blue hydrogen that can be used to help fuel the existing Baytown complex as well as other industrial facilities in the area.","被省略的产物可由同一回答第一句 blue hydrogen 和第二句 facility 恢复；所选 quote 也明确 blue hydrogen。","直接支持","返回片段支持；不代表广告主张经独立事实核实","用于补充证明未来完成状态；不影响原问题主干。","明确写 the advertisement says。","1 billion cubic feet a day、could、up to、once completed 均正确；孤立读本句时没有写产物蓝氢，但在本回答中不会自然读成 CO2 捕集吨数。","产能数字属于额外但相关信息，原句直接支持。","这是上下文依赖的表述，不判成物质混淆或无据数字；可读性上建议重复产物。","The advertisement says the facility could produce up to 1 billion cubic feet of blue hydrogen per day once completed.","","","../outputs/development_paid_citation_first_20260916.json","715ef0dc66b18eb0a9ea7c19f674f036dbb85bb275a089f650dac3563bc50f41","270acbf50d29cdccdcde563d29c8a3217ce90814782769fabcdcec9df14aaac4"
"dev-03-1","dev-03","1","What caveat does the Statoil-commissioned Forbes technology article acknowledge about carbon capture deployment?","[""Answer the requested point using the specified original advertisement."",""Attribute assertions to the advertiser or quoted speaker; do not turn forecasts or claims into verified outcomes.""]","The article acknowledges that carbon capture appears technologically workable but, to date, has seen very little successful deployment. [1]","67f870082c904a4e2d750c68854f7ac9bba8ac30b2fc8b0967093aad5a9dc0ad","11cb9509-d4c7-5bbe-bd19-ad24d914e43e","The Technology Behind Energy Innovation","""There is a lot of talk around carbon capture,"" comments Michel Di Capua of Bloomberg New Energy Finance. ""In some respects, especially from a technology perspective, it appears workable, but to date it has had very little successful deployment."" Delivery and transport of energy is not left out of the new-tech equation.","引文将观点归于 Michel Di Capua；回答将其概括为文章承认的限制。","直接支持","返回片段支持；不代表广告主张经独立事实核实","已答技术可行但成功部署很少这一 caveat；是否必须同时写经济障碍，需人工按原题宽度判断。","明确写 the article acknowledges；没有当作当前全行业独立结论。","appears workable 与 to date 的限制保留；to date 应理解为该旧文章写作时点。","无捏造事实，但同一返回片段还明确写 economic challenges，当前答案省略了这个原因。","不能仅因未复述 gold quote 就判错；若评估目标包含解释落地障碍，答案仍不完整。","可补：The article also says CCS still faces economic challenges despite proven technology.","","","../outputs/development_paid_citation_first_20260916.json","715ef0dc66b18eb0a9ea7c19f674f036dbb85bb275a089f650dac3563bc50f41","270acbf50d29cdccdcde563d29c8a3217ce90814782769fabcdcec9df14aaac4"
"dev-04-1","dev-04","1","Why does AFPM's Politico plastics advertisement describe limits to mechanical recycling?","[""Answer the requested point using the specified original advertisement."",""Attribute assertions to the advertiser or quoted speaker; do not turn forecasts or claims into verified outcomes.""]","The advertisement says mechanical recycling has limited scale because shredding and melting waste weakens the plastic over time, restricting how much recycled material can be used without sacrificing strength. [1]","07bb2e0a00453b2f513e03e0cf0b6c25e19307a74a91cf609b71c81b0e1114fa","efb2878e-efea-5821-a9c1-20851779c77a","Petrochemical manufacturers use chemistry to make plastic more sustainable and recyclable - POLITICO","But by simply shredding and melting post-consumer waste into new pellets, its scale is limited — the process weakens the plastic over time, and therefore restricts how much postconsumer recycled content can be put in a plastic bag or cup without compromising strength.","所选 quote 的 its scale 承接同片段 mechanical recycling。","直接支持","返回片段支持；不代表广告主张经独立事实核实","强度下降与再生料掺入比例受限的原因已答。","明确写 the advertisement says。","没有把可用比例受限改成完全不能回收。","无无据额外事实。","因果关系、范围与原句一致。","","","","../outputs/development_paid_citation_first_20260916.json","715ef0dc66b18eb0a9ea7c19f674f036dbb85bb275a089f650dac3563bc50f41","270acbf50d29cdccdcde563d29c8a3217ce90814782769fabcdcec9df14aaac4"
"dev-04-2","dev-04","2","Why does AFPM's Politico plastics advertisement describe limits to mechanical recycling?","[""Answer the requested point using the specified original advertisement."",""Attribute assertions to the advertiser or quoted speaker; do not turn forecasts or claims into verified outcomes.""]","It also says mechanically recycled products are often brown or gray because removing their color is difficult. [2]","07bb2e0a00453b2f513e03e0cf0b6c25e19307a74a91cf609b71c81b0e1114fa","efb2878e-efea-5821-a9c1-20851779c77a","Petrochemical manufacturers use chemistry to make plastic more sustainable and recyclable - POLITICO","Another issue is many mechanically recycled products are brown or gray because it is hard to strip out the color. Petrochemical manufacturers have worked for years alongside their customers to tweak and perfect formulas for recycled and virgin plastics, but to create more products that contain primarily recycled material will require the adoption of chemical recycling.","It 承接上一句 advertisement。","直接支持","返回片段支持；不代表广告主张经独立事实核实","颜色限制是对为什么受限的相关补充。","承接广告归因。","many 改述 often 在此表达常见情况，不是所有产品；brown/gray 与脱色困难均对应原句。","颜色信息超出第一条 gold 短句，但来自同篇实际选中引文。","不是从无关文章拼入的附加事实。","","","","../outputs/development_paid_citation_first_20260916.json","715ef0dc66b18eb0a9ea7c19f674f036dbb85bb275a089f650dac3563bc50f41","270acbf50d29cdccdcde563d29c8a3217ce90814782769fabcdcec9df14aaac4"
"dev-05-1","dev-05","1","How does Total connect bacteria and microalgae in water treatment with CO2 emissions, biogas and biofuels?","[""Answer the requested point using the specified original advertisement."",""Attribute assertions to the advertiser or quoted speaker; do not turn forecasts or claims into verified outcomes.""]","Total says its R&D team is developing biomass using bacteria and microalgae to help offset CO2 emissions, while also investigating microalgae for producing biogas and biofuels. [1]","d8de3d390bc0a5c8f0352405abd63d9ca5baf482293e915729d9ab3b669ce235","42114981-e507-5753-9b3a-62c09a7624a2","Total: Using biomimicry for cleaner water",""" His R&D team is pioneering ways of creating biomass using bacteria and microalgae, which will help offset CO2 emissions, as well as looking at microalgae to produce biogas and biofuels. Ways of working will change as Total realizes its ambition to become the responsible energy major, BIOMEM will be a part of that change, ""We often work in partnership","His R&D team 指同一返回文章中已命名的 Total 水处理专家 Baldoni-Andrey 及其团队。","经必要指代上下文支持","返回片段支持；不代表广告主张经独立事实核实","直接覆盖细菌／微藻、生物质、CO2 与微藻制 biogas/biofuels 的关系。","明确写 Total says。","developing、to help、investigating 保留研发性质；没有宣称实际净减排或已经量产燃料。","无无据额外效果。","关系没有串错：菌藻生物质联系 CO2，微藻另被研究用于沼气和生物燃料。","","","","../outputs/development_paid_citation_first_20260916.json","715ef0dc66b18eb0a9ea7c19f674f036dbb85bb275a089f650dac3563bc50f41","270acbf50d29cdccdcde563d29c8a3217ce90814782769fabcdcec9df14aaac4"
"dev-05-2","dev-05","2","How does Total connect bacteria and microalgae in water treatment with CO2 emissions, biogas and biofuels?","[""Answer the requested point using the specified original advertisement."",""Attribute assertions to the advertiser or quoted speaker; do not turn forecasts or claims into verified outcomes.""]","In its BIOMEM water-treatment system, Total uses microorganisms that naturally grow as biofilm on floating supports in aerated bioreactors. [2]","9fa4761e73bf375249330de8175a461d4b68dc45477812ded479f5b6dc2ef8c0","42114981-e507-5753-9b3a-62c09a7624a2","Total: Using biomimicry for cleaner water","Reaching this goal has been far from easy and innovation in biotechnology has delivered results. R&D creates BIOMEM Five years of work has led Total's R&D team to develop BIOMEM, focusing on Moving Bed Biofilm Reactor (MBBR) technology. This uses microorganisms to grow biofilm naturally on floating supports in aerated bioreactors.","同一回答以 Total says 开头；同文进一步说明 Gabon 试点和未来扩大应用。","直接支持","返回片段支持；不代表广告主张经独立事实核实","补充水处理技术背景；核心关系已在 claim 1 回答。","本句为 Total uses，显式归因弱于前后句；可承接同答语境，但建议更清晰。","MBBR、浮动载体、生物膜与曝气反应器有据。原文处于试点及拟扩大应用阶段；本句不声称广泛部署，但孤立读可能忽略阶段。","机制背景相关且有据，没有添加普及率或工业运行成效。","不判定机制描述错误；建议补“广告所述试点”，避免研发描述被当作已普遍验证的工艺。","Total describes its BIOMEM pilot as using microorganisms that grow biofilm on floating supports in aerated bioreactors.","","","../outputs/development_paid_citation_first_20260916.json","715ef0dc66b18eb0a9ea7c19f674f036dbb85bb275a089f650dac3563bc50f41","270acbf50d29cdccdcde563d29c8a3217ce90814782769fabcdcec9df14aaac4"
"dev-05-3","dev-05","3","How does Total connect bacteria and microalgae in water treatment with CO2 emissions, biogas and biofuels?","[""Answer the requested point using the specified original advertisement."",""Attribute assertions to the advertiser or quoted speaker; do not turn forecasts or claims into verified outcomes.""]","Total says this biofilm helps remove dissolved toxic organic matter from produced water and is more resilient to changes in water composition. [3]","9fa4761e73bf375249330de8175a461d4b68dc45477812ded479f5b6dc2ef8c0","42114981-e507-5753-9b3a-62c09a7624a2","Total: Using biomimicry for cleaner water","The biofilm is used to better remove dissolved toxic organic matter from produced water. ""We've used biomimicry to take advantage of biofilm organisms, which are more resilient to the variation of water composition. It's also more efficient and quicker for this phase of the water treatment process,"" explains Patrick Baldoni-Andrey, a water treatment specialist at Total's Exploration & Production.","所选 quote 的专家为 Total 的 Patrick Baldoni-Andrey。","直接支持","返回片段支持；不代表广告主张经独立事实核实","水处理背景补充相关；没有替换 claim 1 的 CO2／燃料关系。","明确写 Total says。","溶解性有毒有机物、produced water、水质变化耐受性均有据。","有据的额外机制描述；未声称所有水质或规模下均已证明有效。","主体和性能性质来自广告及受访者，回答保留其来源属性。","","","","../outputs/development_paid_citation_first_20260916.json","715ef0dc66b18eb0a9ea7c19f674f036dbb85bb275a089f650dac3563bc50f41","270acbf50d29cdccdcde563d29c8a3217ce90814782769fabcdcec9df14aaac4"
"dev-06-1","dev-06","1","Describe the methane target announced at the OGCI CEO meeting in Total's 2018 carbon-intensity advertisement.","[""Answer the requested point using the specified original advertisement."",""Attribute assertions to the advertiser or quoted speaker; do not turn forecasts or claims into verified outcomes.""]","The advertisement says that the Oil and Gas Climate Initiative announced measures including a target to curb methane emissions by 20 percent by 2025. [1]","d9808d4eaf37f70d2053c61e4488f33b4e9fa7d6c5919799b2ab43d459f75187","1cd348bd-2725-5147-a290-8d40341a15de","Total gives itself 15 years to make its products 15 percent less carbon intensive","Measures involving methane were announced at the OGCI CEO meeting, including a 20 percent curb in methane emissions by 2025. Methane's warming potential over 20 years is 80 times greater than that of CO2. The decision shows that fighting climate disruption requires adaptation and innovation, as well as policies, businesses and citizens","OGCI 全称在同一返回片段前文给出；公告与 OGCI CEO meeting 相连。","经必要指代上下文支持","返回片段支持；不代表广告主张经独立事实核实","目标幅度、甲烷对象和 2025 截止年均已答。","明确写 the advertisement says。","20 percent curb in methane emissions 保留原文对象与措辞；没有改成已实现结果，也未自行添加基准年或强度分母。","无无据额外事实。","对广告目标的转述成立；不能据此独立确认 OGCI 原始指标定义或最终是否达标。","","","","../outputs/development_paid_citation_first_20260916.json","715ef0dc66b18eb0a9ea7c19f674f036dbb85bb275a089f650dac3563bc50f41","270acbf50d29cdccdcde563d29c8a3217ce90814782769fabcdcec9df14aaac4"
"dev-07-1","dev-07","1","How do the ExxonMobil Baytown and PETRONAS Kasawari CCS advertisements mark capacity as prospective rather than achieved?","[""Retrieve both required advertisements; one matching record is insufficient."",""Identify prospective wording in both and distinguish their units: hydrogen production versus proposed CO2 reductions."",""Do not report either planning figure as an independently measured operating result.""]","ExxonMobil marks Baytown’s capacity as prospective by saying the facility, once completed, could produce up to 1 billion cubic feet a day of blue hydrogen. [1]","63eb9019881347c2d291ea3455f6fd40039975e33c9cd489ba10b8807989409c","0d2b4bc2-4397-5604-8235-fcda8c7088f7","Hydrogen: Another Chapter in ExxonMobil's Lower-Emissions Ambitions","Once completed, the new facility could produce up to 1 billion cubic feet a day of blue hydrogen that can be used to help fuel the existing Baytown complex as well as other industrial facilities in the area.","ExxonMobil 与 Baytown 对应同文 title/byline；无需跨文补事实。","直接支持","返回片段支持；不代表广告主张经独立事实核实","为双文章比较提供 Baytown 规划例子。","明确归于 ExxonMobil。","once completed、could、up to、blue hydrogen、cubic feet/day 全部保留。","无无据额外事实。","蓝氢产能没有和 CO2 减排量混算。","","","","../outputs/development_paid_citation_first_20260916.json","715ef0dc66b18eb0a9ea7c19f674f036dbb85bb275a089f650dac3563bc50f41","270acbf50d29cdccdcde563d29c8a3217ce90814782769fabcdcec9df14aaac4"
"dev-07-2","dev-07","2","How do the ExxonMobil Baytown and PETRONAS Kasawari CCS advertisements mark capacity as prospective rather than achieved?","[""Retrieve both required advertisements; one matching record is insufficient."",""Identify prospective wording in both and distinguish their units: hydrogen production versus proposed CO2 reductions."",""Do not report either planning figure as an independently measured operating result.""]","It likewise describes CCS capacity as a potential maximum—up to 10 million metric tons of carbon dioxide per year—rather than as an achieved result. [2]","63eb9019881347c2d291ea3455f6fd40039975e33c9cd489ba10b8807989409c","0d2b4bc2-4397-5604-8235-fcda8c7088f7","Hydrogen: Another Chapter in ExxonMobil's Lower-Emissions Ambitions","The CCS portion of the process could capture up to 10 million metric tons of CO2 a year and will be one of the world's largest CCS projects. Fueling the Baytown facility with blue hydrogen could significantly reduce the olefin plant's CO2 emissions and cut emissions up to 30% across the integrated complex.","It 承接上一句 ExxonMobil；同一 Baytown 文章所述 CCS。","直接支持","返回片段支持；不代表广告主张经独立事实核实","补充 Baytown 的 CO2 捕集规划，加强与 Kasawari 的比较。","承接明确广告主体。","10 million metric tons CO2/year 与 potential maximum 相符；并未当作已实现减排量。","问题之外的第二个 Baytown 容量数字有据；capacity 可更精确写 capture capacity。","未来限定保留；建议保留捕集而非泛称减排的语义。","可将 CCS capacity 写为 planned CO2 capture capacity，其余不必为此重写。","","","../outputs/development_paid_citation_first_20260916.json","715ef0dc66b18eb0a9ea7c19f674f036dbb85bb275a089f650dac3563bc50f41","270acbf50d29cdccdcde563d29c8a3217ce90814782769fabcdcec9df14aaac4"
"dev-07-3","dev-07","3","How do the ExxonMobil Baytown and PETRONAS Kasawari CCS advertisements mark capacity as prospective rather than achieved?","[""Retrieve both required advertisements; one matching record is insufficient."",""Identify prospective wording in both and distinguish their units: hydrogen production versus proposed CO2 reductions."",""Do not report either planning figure as an independently measured operating result.""]","The PETRONAS Kasawari advertisement marks capacity as prospective by saying the project is “poised” to unlock developments and aims to cut 3.3 million tons of carbon dioxide equivalent annually when it comes onstream as early as 2026. [3]","3a1caa866f42772bc29e5e632648956104746b7bd511056d7a48220306a11941","049b49ed-d68f-506a-b7e4-b8369dc1b8fe","Building On An Innovation Legacy Toward A Sustainable Future","Also, the game-changingKasawari carbon capture and storage(CCS) project is poised to unlock high CO2 gas field developments, while aiming to cut CO2 emissions by 3.3 million tons of carbon dioxide equivalent (MTCO2e) annually when it comes onstream as early as 2026.","项目名 Kasawari 与 PETRONAS 来自同文，不借用其他检索文章的累计业绩。","直接支持","返回片段支持；不代表广告主张经独立事实核实","第二篇广告的前瞻容量已答，双来源任务完整。","明确写 the PETRONAS Kasawari advertisement。","3.3 million tons CO2e annually、aims、when onstream、as early as 2026 保留，未与蓝氢产量混淆。","unlock developments 源于 high CO2 gas field developments；泛称不影响本题，但如讨论项目用途应保留高 CO2 气田限定。","未发现规划被写成已达成的断言。","","","","../outputs/development_paid_citation_first_20260916.json","715ef0dc66b18eb0a9ea7c19f674f036dbb85bb275a089f650dac3563bc50f41","270acbf50d29cdccdcde563d29c8a3217ce90814782769fabcdcec9df14aaac4"
"dev-08-1","dev-08","1","在2022年Politico的Enbridge原生广告中，低碳氢和氨生产出口中心怎样与CCS相连？哪些说法属于规划？","[""Answer the requested point using the specified original advertisement."",""Attribute assertions to the advertiser or quoted speaker; do not turn forecasts or claims into verified outcomes.""]","该中心计划在得州科珀斯克里斯蒂的英格尔赛德能源中心建设低碳氢和氨的生产与出口枢纽，并将其与碳捕集与封存设施结合，规划封存生产过程中最多95%的二氧化碳。 [1]","cd29b694bc8582a880b968e480921ac491777db5f22f1e9ff8d5a88898aad8ee","e1c336a6-d8ed-5fec-9147-5f4efc588cc1","Bridging to a sustainable and secure energy future","Onsite, Enbridge is in the planning stages of a 60-megawatt solar farm that will deliver electricity to the local grid. Enbridge also announced plans to develop a low-carbon hydrogen and ammonia production and export hub at the site, including carbon capture and storage facilities to sequester up to 95% of the carbon dioxide generated in production.","所选 quote 的 Onsite/at the site 前指同一返回 evidence 中的 Enbridge's Ingleside Energy Center in Corpus Christi, Texas；单独短 quote 不含地名。","经必要指代上下文支持","返回片段支持；不代表广告主张经独立事实核实","生产出口枢纽、CCS 联系与规划比例已答。","本句主体“该中心”较弱，但问题和第二句明确是 Enbridge 广告；建议直接写广告称 Enbridge 计划。","up to 95% 限于生产过程 CO2，不是全生命周期温室气体；计划语气保留。","地名是同片段的指代展开，不是凭空补入事实；它不在孤立短引文内，需让人工查看同段前文。","按 quote＋必要指代上下文口径可支持；若只展示孤立 quote，地名可核查性不足，应保留上下文入口。","广告称，Enbridge 计划在该场址建设低碳氢和氨生产出口枢纽，并配套 CCS，拟封存生产中最多 95% 的 CO2。","","","../outputs/development_paid_citation_first_20260916.json","715ef0dc66b18eb0a9ea7c19f674f036dbb85bb275a089f650dac3563bc50f41","270acbf50d29cdccdcde563d29c8a3217ce90814782769fabcdcec9df14aaac4"
"dev-08-2","dev-08","2","在2022年Politico的Enbridge原生广告中，低碳氢和氨生产出口中心怎样与CCS相连？哪些说法属于规划？","[""Answer the requested point using the specified original advertisement."",""Attribute assertions to the advertiser or quoted speaker; do not turn forecasts or claims into verified outcomes.""]","广告明确将这些内容表述为规划：氢和氨生产出口枢纽是已宣布的开发计划，碳捕集与封存设施及其最多95%的二氧化碳封存能力也属于规划内容。 [2]","cd29b694bc8582a880b968e480921ac491777db5f22f1e9ff8d5a88898aad8ee","e1c336a6-d8ed-5fec-9147-5f4efc588cc1","Bridging to a sustainable and secure energy future","Onsite, Enbridge is in the planning stages of a 60-megawatt solar farm that will deliver electricity to the local grid. Enbridge also announced plans to develop a low-carbon hydrogen and ammonia production and export hub at the site, including carbon capture and storage facilities to sequester up to 95% of the carbon dioxide generated in production.","同一 quote 中 announced plans 明确覆盖枢纽及 including CCS 设施。","直接支持","返回片段支持；不代表广告主张经独立事实核实","哪些说法属于规划已明确回答；与 claim 1 有重复但无任务遗漏。","明确写广告表述为规划。","计划开发、最多 95%、生产过程 CO2 的限定均正确。","没有将规划设施或规划比例误报为运行结果。","重复引用不是新增独立证据，但不构成事实错误。","","","","../outputs/development_paid_citation_first_20260916.json","715ef0dc66b18eb0a9ea7c19f674f036dbb85bb275a089f650dac3563bc50f41","270acbf50d29cdccdcde563d29c8a3217ce90814782769fabcdcec9df14aaac4"
