"核对日期","类别","文档性质","标题","项目相对路径","用途","格式","仓库状态","字节数","SHA256"
"2026-09-25","四、数据契约、附件与正文质量","历史只读审计","数据资产与主要问题（只读核查）","analysis/data_audit.md","原始工作表、缺失值、行数和字段异常的早期证据。","md","新增文档（尚未 Git 跟踪）","7672","2890be1aa5ff73ec1ecbf8877c27bfe8869a92d722047cb6988f68d2341ada3d"
"2026-09-25","六、历史研究、产品参考与文本快照","历史研究分析","FA26 背景链接逐项阅读：研究目的与项目用途","analysis/fa26_background_readings.md","研究问题、方法与限制；不把每条广告自动认定为误导，也不证明看板社会效果。","md","新增文档（尚未 Git 跟踪）","9586","cd54e27027c2157fe771ce5d607c776c61cca61b9f7d6c58a83eadd617e994d0"
"2026-09-25","六、历史研究、产品参考与文本快照","历史演示文本","CLAIMS","analysis/fa26_class_final_text.txt","了解 CARDS/CLAIMS、旧模型与指标；不是当前项目演示或已验证源码。","txt","新增文档（尚未 Git 跟踪）","9593","13fbd553641b7d5afade7de424d4e1c3a7314ec61f73d574b9f67db864a340c4"
"2026-09-25","六、历史研究、产品参考与文本快照","历史演示文本","## Slide 1 g3ada27d8e27_3_3","analysis/fa26_class_slides.md","了解 CARDS/CLAIMS、旧模型与指标；不是当前项目演示或已验证源码。","md","新增文档（尚未 Git 跟踪）","8031","e205ad00f123a7fab6ad30036c4cba978ecaf7c086f2e123b52ca675b6640a93"
"2026-09-25","六、历史研究、产品参考与文本快照","历史访问证据","FA26 Google 网页逐项核读","analysis/fa26_google_links.md","当时实际读到的文件、目录与受限入口；404/登录页不能当成空目录。","md","新增文档（尚未 Git 跟踪）","6621","2946de7f970085f718d2944c8c96f815ecb2fe1d929902d947e3a75c7449451f"
"2026-09-25","六、历史研究、产品参考与文本快照","旧版模板快照","Project name","analysis/fa26_meeting_deck_text.txt","可参考沟通组织；两模板已从最新版介绍删除，模板内复制/日期指示不是当前任务。","txt","新增文档（尚未 Git 跟踪）","659","ebfbea1509456d5582eb3b66e7bc5120b0d702b6971b24d390dbabe31ace4424"
"2026-09-25","六、历史研究、产品参考与文本快照","旧版模板快照","Weekly Notes Template: copy/paste each week)","analysis/fa26_notes_template_text.txt","可参考沟通组织；两模板已从最新版介绍删除，模板内复制/日期指示不是当前任务。","txt","新增文档（尚未 Git 跟踪）","513","942bda501cb0948c62599e1f01dcb30c296c34502d09087db25824e6c3573c4b"
"2026-09-25","二、原始要求与计划如何核对","历史文本快照","Project Description","analysis/FA26_project_brief.txt","回查早期介绍内容；与最新版有差异时，以最新 DOCX 条款摘录为准。","txt","新增文档（尚未 Git 跟踪）","16619","39c4de7326ec7bbfb74c2afd7f60e2ca20346917391945277f14f1538a39dfa6"
"2026-09-25","六、历史研究、产品参考与文本快照","历史产品／来源阅读","FA26 链接核读：Miami 原型、Junkipedia 示例、旧源码仓库","analysis/fa26_prototype_sources.md","区分原型限制、单帖示例和未取得源码；不推定线上状态今天未变。","md","新增文档（尚未 Git 跟踪）","9865","4946c41e63385c8524ff4738b6aaad141bf167c3603e25c62bd77e656b94db2a"
"2026-09-25","六、历史研究、产品参考与文本快照","历史产品研究","FA26 三个参考网站：逐站阅读与项目目的","analysis/fa26_reference_sites.md","How Do They Lobby?、The Big Green Machine、Big Ag Network 的用途与机制；参考设计不是新增课程要求。","md","新增文档（尚未 Git 跟踪）","10482","7e0c5e1cc8dfc1f1f8080e1ba10b9ba254bd09330ab034e43a60c2d516bba43d"
"2026-09-25","六、历史研究、产品参考与文本快照","网页快照","Native Ads Are Shaping Climate Opinions. BU Researchers Say There’s a Way to Resist | The Brink | Boston University","analysis/fa26_web_sources/bu.html","对应研究介绍的保存内容；不是现时网页或独立实验。","html","新增文档（尚未 Git 跟踪）","238406","ee66b235de3206ecfcbb0c59acd859abb026c747172d8a589e85d015b12c2605"
"2026-09-25","六、历史研究、产品参考与文本快照","报告文本快照","--- PAGE 1 ---","analysis/fa26_web_sources/greenpeace_compressed.txt","社交采样、文本/图像及标签口径；提取文本不代替图表和排版核对。","txt","新增文档（尚未 Git 跟踪）","144910","54caf0a49583c8d666326b36541d31882dc0eeb389ee804f5a330526d2eaa766"
"2026-09-25","六、历史研究、产品参考与文本快照","同一来源的两种快照","The “Future of Energy”? Building resilience to ExxonMobil’s disinformation through disclosures and inoculation | npj Climate Action","analysis/fa26_web_sources/nature.html","查论文具体方法和结论；两份文件不算两个独立来源。","html","新增文档（尚未 Git 跟踪）","394593","621b707496238c2cdcaf2766b8d41d830ce790bc9e730ae3d469d2c61b2c6288"
"2026-09-25","六、历史研究、产品参考与文本快照","同一来源的两种快照","The “Future of Energy”? Building resilience to ExxonMobil’s disinformation through disclosures and inoculation | npj Climate Action","analysis/fa26_web_sources/nature.txt","查论文具体方法和结论；两份文件不算两个独立来源。","txt","新增文档（尚未 Git 跟踪）","60066","b8e17a680cfd96d09ae52a473c57ccead1b9896327d67875a304e45754f5664b"
"2026-09-25","六、历史研究、产品参考与文本快照","历史单例快照","Above is a Buisness Insider Article Titled “7 things to know about carbon capture and storage technology” which is sponsored by Exxon Mobil. It argues","analysis/NATIVE ADS Demo Example.txt","一篇 CCS 广告的 CARDS/CLAIMS 解释，非完整标签规范或准确率证明。","txt","新增文档（尚未 Git 跟踪）","2782","d8bf0f5ef171982f75f0e9106366254aa061bd6bea413966458afc58ce40db23"
"2026-09-25","四、数据契约、附件与正文质量","历史代码证据","本次 PDF 归档中恢复的代码：静态阅读","analysis/pdf_archive/code_review.md","三份采集/合并/重试工具的真实作用和断点；未执行代码。","md","新增文档（尚未 Git 跟踪）","5642","9313a35641ba963bf3fb47795681a908beb2c9f8841738215731ed7f12c849b6"
"2026-09-25","四、数据契约、附件与正文质量","历史代码文本快照","[code]","analysis/pdf_archive/combine_files_source.txt","便于阅读 Notebook 单元格；文本在此不作为可直接执行的维护脚本。","txt","新增文档（尚未 Git 跟踪）","1142","abbfca582a1bb882670cc370faf203d6b7c5a56a058f15b60f81997eb9df2c93"
"2026-09-25","四、数据契约、附件与正文质量","内容阅读分析（AI 编写）","fall_2025_run JSONL 内容阅读","analysis/pdf_archive/fall_content_review.md","7 文件、45 记录的格式、广告叙述及来源限制；不是新增 45 篇。","md","新增文档（尚未 Git 跟踪）","9508","5bb1422459fb62ba0b9d34eda69f9d7d62ea1c8d0b182f1c49eb4df64848b458"
"2026-09-25","四、数据契约、附件与正文质量","历史归档审计","Nested archive review","analysis/pdf_archive/nested_review.md","系统附属文件、重复内容和 12 个独有文件的来源。","md","新增文档（尚未 Git 跟踪）","4984","4ccab5b737309d42a4ed749a0fe47d330c060d4d62ddb3c60c0ad191d0a53263"
"2026-09-25","四、数据契约、附件与正文质量","历史代码文本快照","[code]","analysis/pdf_archive/process_error_file_source.txt","便于阅读 Notebook 单元格；文本在此不作为可直接执行的维护脚本。","txt","新增文档（尚未 Git 跟踪）","7813","11c6bd8dec7010cb4314e173543dc9ad32b564be5e89b1c8a723646bff639873"
"2026-09-25","四、数据契约、附件与正文质量","有限样本分析底稿（AI 编写）","summer_2025_run 有限样本阅读补充","analysis/pdf_archive/summer_content_review.md","明确阅读过的 8 个文本样本及质量；没有声称逐篇精读夏季全部 PDF。","md","新增文档（尚未 Git 跟踪）","6436","0d8e99e364431bab3a21a5220d047f35783ceeea3693fec3df857d36d14e1364"
"2026-09-25","四、数据契约、附件与正文质量","历史待建方案","数据层到检索的关键契约（待建方案）","analysis/pipeline_data_contract.md","理解设计取舍；其中“未发现 schema/数据库”是实施前状态，不能当当前结论。","md","新增文档（尚未 Git 跟踪）","20655","6f656d13c26b30fbeb25aed2f55f126819f8b21de96780f7172213d9ec648c9a"
"2026-09-25","四、数据契约、附件与正文质量","历史源码／交接审查","已有技术路线：按代码与交接材料重建 pipeline","analysis/pipeline_existing_review.md","区分已读采集代码、仅有文档描述和缺失组件；不是当前 Python 包实现说明。","md","新增文档（尚未 Git 跟踪）","10905","6c2b562a1ae304243c5783749330d5b9136871f823b41013c4eec27c787719aa"
"2026-09-25","六、历史研究、产品参考与文本快照","历史方法审计","FA25/SP26 既有方法与验证审查","analysis/prior_methods_review.md","旧标签粒度、指标版本及可复现限制；句子分类成绩不能替代 RAG 成绩。","md","新增文档（尚未 Git 跟踪）","6840","3894c58d5497ed962aadc55f43ddacdb730d74000f73ea1cd3d54ee5b9d5c1e4"
"2026-09-25","六、历史研究、产品参考与文本快照","研究手稿提取快照","Climate action and native advertising: How fossil fuel companies position their sincerity in American and British news media","analysis/Wells Amazeen Weinberg IJPP Jan 2025_after MA.txt","采样、原生广告身份与人工内容编码；其样本和变量不是当前 12 标签的正式规范。","txt","新增文档（尚未 Git 跟踪）","57396","dbc94f12702f97c5fb97d77199ab81d42a3d17ebda952e01f01b86211a54db26"
"2026-09-25","一、当前入口","当前沟通草案，尚未发送或获批","Client email draft — not sent","deliverables/client_review_request_20260924.en.md","当前沟通草案，尚未发送或获批。四类优先材料、统计裁决、团队／客户测试分工和冻结步骤。","md","新增文档（尚未 Git 跟踪）","3612","2e169b2c439b60060219fd6f199433a5f2093a84b9e9140143528d04eec796f3"
"2026-09-25","七、演示与交付材料","历史 research preview","Research preview 中文演示讲稿","deliverables/demo_script.zh-CN.md","演示早期已接入 Native 的功能和 smoke；保留原快照，不引用为当前统计。","md","Git 已跟踪","10490","e2fe49ec23f29fea6ff52dd32725788611b1547858e1f7687c0ba46982706203"
"2026-09-25","七、演示与交付材料","历史 research preview","FA26 CISS Observatory 0.2.2 研究预览讲稿","deliverables/demo_script_v0_2_2.zh-CN.md","对应 0.2.2 的 554 块快照；当前为 556 块。不是双数据集、公众环境或最终客户验收演示。","md","Git 已跟踪","9848","e35a91126eeee2c5e455b2a4fd83e17e75dd6a4d48d9e054e8027e4fe900471e"
"2026-09-25","七、演示与交付材料","历史 research preview","research_preview","deliverables/research_preview.pptx","演示早期已接入 Native 的功能和 smoke；保留原快照，不引用为当前统计。","pptx","Git 已跟踪","36132","2ee65d393a63875d272a322a68de545223801f725fd889c1a341206d9ff89a7f"
"2026-09-25","七、演示与交付材料","历史 research preview","research_preview_v0_2_2","deliverables/research_preview_v0_2_2.pptx","对应 0.2.2 的 554 块快照；当前为 556 块。不是双数据集、公众环境或最终客户验收演示。","pptx","Git 已跟踪","43784","343e8c6963edfd48f2b224786b9e3cf8dd9a06179dd1db8ba480c2085456cbf8"
"2026-09-25","三、运行、维护与交接","实现说明，标题保留 0.2.3","架构与数据流 — 0.2.3","docs/architecture.md","看应用、数据库、导入、检索和来源版本如何关联；较新的具体修复同时查版本报告。","md","Git 已跟踪","11430","2c6b4c2eaee159a5834f789f665af4bdb8ec768fe6414b7d8105507eb4f806c0"
"2026-09-25","一、当前入口","已确认分工，尚未实现的接入方案","CLAIMS 离线分析与实时 RAG 接入方案","docs/CLAIMS_OFFLINE_RAG_ONLINE_20260925.zh-CN.md","已确认分工，尚未实现的接入方案。分类批次、原文关联、NC／SC 结果、网页用途及验收；不表示 CLAIMS 2 已接通或重新分析。","md","新增文档（尚未 Git 跟踪）","7206","10bfd2bbbbb22a5acf23bc4357fd7c906164eb0679fb4f5e69d52c2c39788877"
"2026-09-25","一、当前入口","当前沟通草案，尚未发送或获批","客户测试沟通与材料请求","docs/CLIENT_TESTING_AND_MATERIALS_20260924.zh-CN.md","当前沟通草案，尚未发送或获批。四类优先材料、统计裁决、团队／客户测试分工和冻结步骤。","md","新增文档（尚未 Git 跟踪）","13325","d4dbe4eb98537f9e845463bc7c106bb2ad6caeb9ee77b976c83e1e416549ec0e"
"2026-09-30","四、数据契约、附件与正文质量","当前输入说明，标题保留 0.2.3","Data import contract — 0.2.3","docs/data_dictionary.md","源字段、资格、未知值、历史标签、manifest、正文区间和证据坐标。数据版本变化由后续报告补充。","md","当前提交文档","23474","c089f8969790a737e29b766e84d0f1b56024654ce66a918b4c487723118d1dcf"
"2026-09-25","七、演示与交付材料","历史制作／视觉检查证据","Research preview 制作与证据记录","docs/demo_quality.md","对应第一版英文预览的内容与版式；不代表项目已验收。","md","Git 已跟踪","3086","ee03b9c1388d3b176ba3b19e913e6f7b0a3097c25e2a392a1c15844cdbb05e04"
"2026-09-30","五、评价协议与版本证据","当前协议＋验收草案边界","M6：开发评估与验收草案","docs/evaluation_protocol.md","20 开发题与 20 验收草案、ready/pending、人工冻结和评分口径；这些题数是项目方案，不是课程原文阈值。","md","当前提交文档","19619","9de4d6d44a04b6fed08667a763969bb1735a01384caf99875900cb8a226fd23b"
"2026-09-30","三、运行、维护与交接","当前交接入口","CISS Observatory 当前交接说明","docs/handoff.md","0.4.1接手与发布契约，当前wheel/隔离库复现和历史legacy600边界。","md","本机工作副本（发布状态按回执）","25581","45a1d4c7d35b43afcdc71e683944ce467865435351168cf5df28cc25976d6915"
"2026-09-25","三、运行、维护与交接","历史工程约定","Shared implementation contract","docs/implementation_contract.md","了解当时的接口与分工。文件中的人员职责不作为现在的任务授权或唯一实现规范。","md","Git 已跟踪","2615","deeca28a31758189ae18bea28d4453473c9e6d6747954b33341a24257355d2e3"
"2026-09-25","三、运行、维护与交接","当前本机环境说明","本机 PostgreSQL + pgvector","docs/local_postgres.md","项目隔离的数据库、端口、运行目录及初始化；不是托管数据库的安装指南。","md","Git 已跟踪","9772","39349f55f98e81c2bcff75b8f70ef054a01c3ed59533240c27a8754d15742154"
"2026-09-30","三、运行、维护与交接","当前运行维护说明","本机与部署运行、预算及交接","docs/operations.md","0.4.1运行、迁移、预算、实际发布设置与健康metadata核对。","md","当前提交文档","21953","8f832eaa60f4c36bb912d4f10f4077e141c5319f8f8a0c1b1ed4be7eb9c0fdef"
"2026-09-25","二、原始要求与计划如何核对","历史计划，仍可作范围导航","FA26 项目交付计划与资料附录","FA26_DELIVERY_PLAN.zh-CN.md","模块工作、依赖及交付组织。看当前完成情况时回到实施状态，不能逐字沿用旧“待建”。","md","Git 已跟踪","35381","ec652075eb0117e5478bf40944eebeb90df4dfb0e359d4476ae8c790bf2922e6"
"2026-09-25","四、数据契约、附件与正文质量","实施前历史审计","FA26 现有资产质量、输入与输出","FA26_EXISTING_QUALITY_AND_IO.zh-CN.md","看接手时的 CSV／标签／脚本质量。开头“未找到完整应用”描述当时附件，不代表今天尚无应用。","md","Git 已跟踪","19751","46101f8364f0581171d97907207fcf10d231ecfacda858434b7b882285da4899"
"2026-09-25","六、历史研究、产品参考与文本快照","历史访问记录","FA26 项目介绍的逐链接阅读与目的说明","FA26_LINKS_AND_PURPOSE.zh-CN.md","旧版介绍含两个沟通模板；最新版是 16 个网页入口，见资料附录。成功/受限状态只对应当时访问。","md","Git 已跟踪","16515","73a8d00e2d222e322479ceea00690e82954440b62234eaca04e240d5d8de6720"
"2026-09-25","二、原始要求与计划如何核对","资料索引＋历史计划快照","FA26 文件与资料用途附录","FA26_RESOURCE_APPENDIX.zh-CN.md","最新附件实际引用的 16 个网页入口、未链接资料和旧模板区别；其中“待建”按当时状态保留。","md","Git 已跟踪","23013","8beb1ff64684f78843634a26740a794b33ec06139d97ab97907d3b5bfa1ed473"
"2026-09-25","二、原始要求与计划如何核对","实施前路线说明","FA26 广告观测平台：技术路线与完整 Pipeline","FA26_TECHNICAL_PIPELINE.zh-CN.md","理解预期的数据到看板/RAG 流程；现有接口、运行方式以代码和当前 docs 为准。","md","Git 已跟踪","31942","fc51b6e1c87daaa22414b43c517588f513090af1920bd7447782e0819a577a11"
"2026-09-25","四、数据契约、附件与正文质量","历史来源说明，仍可作导航","原生广告资料包：阅读说明与访问入口","PDF_ARCHIVE_GUIDE.zh-CN.md","归档结构、媒体样本、代码和质量问题；具体已恢复正文看后续恢复报告。","md","Git 已跟踪","11326","4b4b36405aef483cd42417cb7744c3f397da0a6b572cca723e930eb1015640ca"
"2026-09-25","四、数据契约、附件与正文质量","逐件来源索引","PDF 原文访问目录","PDF_SOURCE_INDEX.zh-CN.md","按 PDF 编号打开存档与来源候选。编号不是广告 ID，标题匹配不是同篇或在线有效证明。","md","Git 已跟踪","126875","64d395f54c426981e7d6ccc44b4260fb66e214ea08a45d764af6b444739ae4a5"
"2026-09-25","六、历史研究、产品参考与文本快照","2026-09-15 历史综述","DS 549 广告观察平台项目阅读与接手分析","PROJECT_REVIEW.zh-CN.md","初始项目目标、旧方法、数据问题和链接状态；“源码未取得”指当时旧仓库和附件范围。","md","Git 已跟踪","15842","5d9355e78cd4d8ca179c49f4c39abfb43069e114e38fef3bb0d14dff361eb2c1"
"2026-09-25","四、数据契约、附件与正文质量","采纳前的 AI 审阅证据","合并表新增 12 个 URL：集中审核与纳入建议","reports/additional_url_review.md","7 纳入／4 排除／1 待定的依据；是否已应用看下一项发布报告，不能沿用本报告当时的“未执行”。","md","Git 已跟踪","32810","626767fa449b947fc93aef866258eb0b0bfd227c07b218100084e5c45097295d"
"2026-09-25","一、当前入口","2026-09-16 审计证据","三个附件中哪些资料还需要使用","reports/ARCHIVE_REUSE_REVIEW_20260916.zh-CN.md","2026-09-16 审计证据。区分已保存、已使用和可补用，链接各包清点结果。","md","Git 已跟踪","13153","79d14a4cb8156f68ed376eb102d75b4d7af282681d88376b2d1c3022e5657f62"
"2026-09-25","四、数据契约、附件与正文质量","附件核对证据","FA25_SP26 压缩包复核","reports/archive_review_fa25_20260916.md","171 个文件的用途和同内容副本；区分模型输出、标注底稿、研究手稿与缺失源码。","md","Git 已跟踪","10355","fd07e8f2d9aa6827f9543db02910b2993cbcca1e3b17f558a856883f163b9848"
"2026-09-25","四、数据契约、附件与正文质量","附件核对证据","Native Advertising Data 压缩包复核","reports/archive_review_native_20260916.md","原始 XLSX／清洗表／手标及合并表的内容、字段和差异；不因文件较大或较新就替换主表。","md","Git 已跟踪","8149","7e0d663f9a7aed26d0457c53f981f75084ec98147ac3a3648371e24f7c488570"
"2026-09-25","五、评价协议与版本证据","历史 AI 语义意见","开发集回答的 AI 辅助语义审阅","reports/assisted_semantic_review.md","早期水处理、蓝氢、引文充分性等失败分析。","md","Git 已跟踪","8281","38f21a745d474f2310ddfcb4c803bbfd409d53b7f50d7fc7432cc28291b6d8ed"
"2026-09-25","五、评价协议与版本证据","历史 AI 语义意见","Citation-first 开发输出：AI 辅助语义审阅","reports/assisted_semantic_review_citation_first.md","0.1.1 所存 17 条回答单元及当时引用问题。","md","Git 已跟踪","9583","29c10488bfb9b5d8944df73c3106a971aa35eccd13282a75bd933f0aff7bbae6"
"2026-09-25","五、评价协议与版本证据","历史 AI 语义意见","新上下文检索运行：AI 辅助语义审阅","reports/assisted_semantic_review_context.md","早期上下文检索运行及其待人工判读条目。","md","Git 已跟踪","10896","e7d3062e98a1d32b7463fd507c25273dff0c593f4d20449b684b46c28cd03139"
"2026-09-25","五、评价协议与版本证据","历史 AI 语义意见","v0.2 开发输出：AI 辅助语义复核","reports/assisted_semantic_review_v0_2.md","保存英语问题输出法语/西语等实际失败；不是当前重跑结果。","md","Git 已跟踪","11662","efb1aaa7a6d7408869926357aa3454e9d51e095772f334fd7731983e7aa068db"
"2026-09-25","五、评价协议与版本证据","历史 AI 语义意见","v0.2.1：AI 辅助语义复核","reports/assisted_semantic_review_v0_2_1.md","语言修复后的残留归因和单位对象问题。","md","Git 已跟踪","5684","357ae86d0d84c1bae9e23b7f314a248e9708dc254339a48358f24fb6a0d03837"
"2026-09-25","五、评价协议与版本证据","历史 AI 语义意见","v0.2.2：AI 辅助内容复核","reports/assisted_semantic_review_v0_2_2.md","广告归因、蓝氢对象、额外背景与必要指代；人工未验收。","md","Git 已跟踪","5323","82c7fa9b6a901d01eb51c0e70b715ce5e4fa9e836f6a21da1778dd8cb24d4a6b"
"2026-09-29","五、评价协议与版本证据","对应版本的AI语义意见","v0.2.4：AI 辅助内容与引文复核","reports/assisted_semantic_review_v0_2_4.md","保留21条历史引用意见与人审缺口；不提供当前人工支持率。","md","本机工作副本（未发布）","10171","39a43340fe3d782077d427b277aadc3952b9c0216f09bcb0d155c29cbc959b87"
"2026-09-25","三、运行、维护与交接","历史恢复证据","主库备份与新库恢复验证","reports/backup_restore.md","对应早期数据和运行；不能替代较新的当前快照恢复报告。","md","Git 已跟踪","3967","bd122a8e427222f563a1923d3937bb7962451c523883a4125c6c0d0311f121df"
"2026-09-29","三、运行、维护与交接","对应历史快照的恢复证据","当前原生快照的备份与恢复 — 0.2.4","reports/backup_restore_v0_2_4.md","0.2.4快照恢复；不覆盖新增profile／migrations／云端灾备。","md","本机工作副本（未发布）","4069","f6634cc284acacc20042aa3c44e71656936d989c058212b43ed7c20524e58320"
"2026-09-25","五、评价协议与版本证据","历史改动／运行证据","0.2.2：回答中的来源归因与数量对象","reports/claim_contract_v0_2_2.md","schema/prompt 对来源和数字对象的约束；旧 d85… 数据，不是当前模型重测。","md","Git 已跟踪","4419","3e9d03a34d61f871d11528a2c90ef0afef3bbf47b87d5491f64fe4a4199286cc"
"2026-09-25","五、评价协议与版本证据","当前应用修复证据","Dashboard 同次刷新的一致性 — 0.2.5","reports/dashboard_consistency_v0_2_5.md","明细和图表共用一次查询、未知日期处理与相应工程验证；未重跑付费生成。","md","Git 已跟踪","3608","280ffdc09a1e3e0874fb887a386d4fe0f45b7f9d137d2f66537247f885e752a1"
"2026-09-25","四、数据契约、附件与正文质量","历史发布证据","0.2.0：新增记录接入与正文区间修复","reports/data_revision_v0_2.md","新增记录、字段规范化和正文范围采纳；其 d85…／554 块是旧快照。","md","Git 已跟踪","5975","57f21d617bc852159a82408f88b32da912c1db68c81ffd6904d4480fd851c557"
"2026-09-25","一、当前入口","历史运行证据入口","当前评价入口：0.3.1（2026-09-17）","reports/evaluation.md","历史运行证据入口。按 run、数据版本和分母阅读；最新两次 API 连通检查见 0.3.0 发布记录。","md","Git 已跟踪","11007","493aad4baedb0aa6f680a95c58ae5f56db893118e7f6554626e0030289f8533a"
"2026-09-25","五、评价协议与版本证据","历史工程／运行证据","0.1.1：回答约束、故障验证与交接修订","reports/evaluation_v0_1_1.md","先选择引用再生成、故障路径和交接修订的早期版本。","md","Git 已跟踪","4200","13287f9cab4abfcf317810cb840561e63aa3616b22ad2d189c09629ba2f2fc37"
"2026-09-29","二、原始要求与计划如何核对","历史审计证据","FA26 文档要求与当前实现核对","reports/FA26_REQUIREMENTS_AUDIT.zh-CN.md","早期FA26范围与实现状态；当前部署／图谱／分页／迁移以20260929合并核对为准。","md","本机工作副本（未发布）","19776","1b5b270df40c925e659f9f2f899e0ff31a3c78a2b84a9b0c26a54be88106782c"
"2026-09-25","二、原始要求与计划如何核对","原始要求的核对副本","FA26 原文条款核对摘录","reports/fa26_requirements_source_20260916.md","保存 DOCX 来源哈希和 P 段落编号。P 不是页码，摘录中的行动要求不代表已执行。","md","Git 已跟踪","20845","67489240d20ce6195882473120525032b49a534ee99787f885f1a1ec246a8c4c"
"2026-09-25","三、运行、维护与交接","保存的工程证据","M5/M7：故障降级与费用账本验证","reports/failure_path_checks.md","网络/模型失败、费用预留、降级等测试范围；测试数字只属于该报告记录的运行。","md","Git 已跟踪","4308","4f67d6c6ac2d611e3cdd1aa34dae10521515218528d47e1662d1b86b5c2d9423"
"2026-09-25","三、运行、维护与交接","历史交接证据","源码交接 ZIP 的隔离复现检查","reports/handoff_validation.md","首版包安装、离线测试及当时发现的可携带性缺口。","md","Git 已跟踪","6529","c3a65762f9479d139d36782f1b4cf9018ed53cfe4f827a0ae286142eabbcf940"
"2026-09-25","三、运行、维护与交接","历史交接证据","0.1.1 源码交接包 v2 清单与链接验证","reports/handoff_validation_v2.md","v2 对首版遗漏的修复；这一轮没有重跑安装和全套测试。","md","Git 已跟踪","3947","073c6f7296615fbe366bcc9de0a712f2a0d4accfcb994f7b11a63f9a5044ef89"
"2026-09-25","三、运行、维护与交接","历史交接证据","v3 源码交接包：有界只读核对","reports/handoff_validation_v3.md","对该 ZIP 的内容哈希、关键文件和历史链接缺件做有界检查；不是当前包的自动证明。","md","Git 已跟踪","4772","5d1a16870543d9278462f78ab88622cb955f50a119f53f555e43961a4f36f76e"
"2026-09-25","五、评价协议与版本证据","历史改动／运行证据","0.2.1：复用语言工具，修复错语回答的发布路径","reports/language_guard_v0_2_1.md","Lingua 语言推断、保守错语拦截及短缩写边界。","md","Git 已跟踪","5610","1459a3f9185eff4aae3256716b6cc5ca723facdaff5b61cb1ddb8592c64ae7fc"
"2026-09-25","四、数据契约、附件与正文质量","0.2.3 发布与定位证据","PDF-265：有限正文续文与来源定位","reports/pdf265_body_recovery.md","新旧正文版本、PDF／文本哈希、页映射和检索区间；有限续文不能称全文完整。","md","Git 已跟踪","8208","06dbb7d1f8f6d9ccac7d0769f97aa471b985d03a1e46b64ca03840c3019d7b4d"
"2026-09-25","四、数据契约、附件与正文质量","AI 来源核对证据","PDF-265 同篇身份核验","reports/pdf265_identity_review.md","本地采集清单和跨页内容如何支持同篇身份；不是线上 canonical URL 确认。","md","Git 已跟踪","3674","5805e17f2105f16d95497c75c1c5adb60c36a4574ad0cb48c52a3c7f134206c2"
"2026-09-25","四、数据契约、附件与正文质量","AI 区间审阅证据","PDF-265 保留区间独立检查","reports/pdf265_independent_text_review.md","六个保留区间、限定语和正文恢复范围；不是广告效果的外部事实核查。","md","Git 已跟踪","4878","1245eebececc22ea27490b65d98439d61004e54298bcbd06eca279db9374b0ca"
"2026-09-25","四、数据契约、附件与正文质量","AI 工程审阅证据","20 个正文前缀边界的集中审阅","reports/prefix_boundary_review.md","看导航为何不能连同后文全部裁掉，以及最小排除区间；人工判定列仍为空。","md","Git 已跟踪","37215","f8adfae17972aba692d539bc521d205660bf5a8ba89abfb15e80500253455217"
"2026-09-25","三、运行、维护与交接","迁移证据","项目迁移记录：C 盘 → D 盘","reports/project_migration_20260916.zh-CN.md","找当前工作目录和迁移检查；旧报告中的 C 盘绝对链接可能只在原环境可用。","md","Git 已跟踪","3220","dd2954c9711dc31d016a20e7baf648060a74270e4b6c3354747c27e723b59ef5"
"2026-09-29","五、评价协议与版本证据","对应版本的付费RAG与复现证据","0.2.4：PDF 引文上下文与干净导入复现","reports/quote_context_v0_2_4.md","保留0.2.4运行和复现；不是最新profile或模型重测。","md","本机工作副本（未发布）","6843","ea332b4e882c3af698d722cb0b49793ac3dfa16fc1233bac8ceea3f3b7199e0c"
"2026-09-25","一、当前入口","发布前快照诊断","当前 RAG 切片只读核验（2026-09-16）","reports/rag_chunking_corpus_audit_20260916.md","发布前快照诊断。段落、token、句内切口及单块覆盖的明确分母。","md","Git 已跟踪","6683","d6cb73ee417eabb2f7ce4f3a660647244b5722e14bd0aae85f68ad9a9b4ed616"
"2026-09-25","一、当前入口","发布前迁移约束","分块、检索与评价迁移审查","reports/rag_chunking_migration_review_20260916.md","发布前迁移约束。相同正文跳过导入、历史引用保留及评价隔离；实际迁移见 0.3.0 发布记录。","md","Git 已跟踪","7788","367229a498c1632e06bf3299be0acd4eb6ea70d958f4133f84441d972232c6f7"
"2026-09-25","配套检查输出","原始检查日志","........................................................................ [ 22%]","reports/rag_chunking_pytest_20260916.txt","工程或审计保存的命令输出，按文件日期、运行版本和检查范围理解。","txt","Git 已跟踪","427","db15a16d990aa0f81b995a754de023b11df69017a78087f9cd350cbfd0edceb5"
"2026-09-25","一、当前入口","2026-09-16 候选改动证据","RAG 切分审查与候选实现","reports/rag_chunking_review_20260916.zh-CN.md","2026-09-16 候选改动证据。当时的只读检索对比及采用限制；实际启用见较新发布记录。","md","Git 已跟踪","14539","c8a35f74f1c191ce5e35d6b1b193684c9e4b1cc8a81c7bb14520b2c1661c918c"
"2026-09-25","配套检查输出","原始检查日志","All checks passed!","reports/rag_chunking_ruff_20260916.txt","工程或审计保存的命令输出，按文件日期、运行版本和检查范围理解。","txt","Git 已跟踪","20","a4443afdcfb6d7363adb285762515ccf7cf50473b1a05c20c1a50f6bed4d26b0"
"2026-09-25","六、历史研究、产品参考与文本快照","方法总结＋待办记录","RAG 经验提炼与当前项目待办","reports/rag_skill_adoption_and_open_issues.zh-CN.md","看数据难点、归因、检索和评估如何处理；外部截图经验不等于本项目已复现故障。","md","Git 已跟踪","8146","1c96f0c50908c55ed2c9f290e33b9c9978e06871cd9a96d433020d53771536bf"
"2026-09-25","六、历史研究、产品参考与文本快照","合成场景行为检查","RAG skill 独立前向检查","reports/rag_skill_forward_review.md","三个模拟请求下的边界与处理方式；不是检索质量、RAG 准确率或通用效果证明。","md","Git 已跟踪","3437","6e0d63e30d451252694037dba959a34f36f0a47806409ae1795d6aadc48001ff"
"2026-09-25","配套检查输出","原始检查日志","........................................................................ [ 20%]","reports/release_pytest_20260917.txt","工程或审计保存的命令输出，按文件日期、运行版本和检查范围理解。","txt","Git 已跟踪","427","f130984ef30574b2411e0bdf004a12ea10a50e6cd8caa370fd2181ae5410dbe2"
"2026-09-25","配套检查输出","原始检查日志","........................................................................ [ 19%]","reports/release_pytest_final_20260917.txt","工程或审计保存的命令输出，按文件日期、运行版本和检查范围理解。","txt","Git 已跟踪","508","00d401f7fee5e2d5ee53531b58f04254ca58f623b7230e92e9ee7b63ed463581"
"2026-09-25","配套检查输出","原始检查日志","All checks passed!","reports/release_ruff_20260917.txt","工程或审计保存的命令输出，按文件日期、运行版本和检查范围理解。","txt","Git 已跟踪","20","a4443afdcfb6d7363adb285762515ccf7cf50473b1a05c20c1a50f6bed4d26b0"
"2026-09-25","一、当前入口","本机发布证据","0.3.0：句界索引启用与三页网页","reports/release_v0_3_0_20260917.zh-CN.md","本机发布证据。索引切换、回退、两次真实 API、费用、366 项测试和浏览器检查；含未通过人工验收的语义问题。","md","Git 已跟踪","7256","0f485e5ce778a012ddebaa3d5f9f5a32fbda028219456c78efddc37bc3a2a3c7"
"2026-09-25","配套检查输出","原始检查日志","........................................................................ [ 31%]","reports/requirements_audit_pytest_20260916.txt","工程或审计保存的命令输出，按文件日期、运行版本和检查范围理解。","txt","Git 已跟踪","361","31355ce349f6ae9f9c0b2bf399417979ae6894f3d29f703fd6c817b167c41a4d"
"2026-09-25","配套检查输出","原始检查日志","All checks passed!","reports/requirements_audit_ruff_20260916.txt","工程或审计保存的命令输出，按文件日期、运行版本和检查范围理解。","txt","Git 已跟踪","20","a4443afdcfb6d7363adb285762515ccf7cf50473b1a05c20c1a50f6bed4d26b0"
"2026-09-25","配套检查输出","原始检查日志","........                                                                 [100%]","reports/research_ui_additional_tests_20260917.txt","工程或审计保存的命令输出，按文件日期、运行版本和检查范围理解。","txt","Git 已跟踪","100","61b4d470fdd42b1654ac807742369ce8830ac158f81555afd87a92d20997dca6"
"2026-09-25","配套检查输出","原始检查日志","..........................................................               [100%]","reports/research_ui_final_callbacks_20260917.txt","工程或审计保存的命令输出，按文件日期、运行版本和检查范围理解。","txt","Git 已跟踪","102","de68687c5cc3aae0cb0e75f1e6181e7274ccc21ddb55b299d7fbfbc808856d6b"
"2026-09-25","配套检查输出","原始检查日志","........................................................................ [ 16%]","reports/research_ui_final_pytest_20260917.txt","工程或审计保存的命令输出，按文件日期、运行版本和检查范围理解。","txt","Git 已跟踪","589","99ab54c36a0a2891a667c35cd4a20b3dac24969c7f55509a4fed035808da7d36"
"2026-09-25","配套检查输出","原始检查日志","........................................................................ [ 16%]","reports/research_ui_pre_label_assertion_20260917.txt","工程或审计保存的命令输出，按文件日期、运行版本和检查范围理解。","txt","Git 已跟踪","1161","9f1146510545f47241f045d3e80744ad76939bf78289f6939b23b5d7e76be048"
"2026-09-25","配套检查输出","原始检查日志","........................................................................ [ 17%]","reports/research_ui_pytest_20260917.txt","工程或审计保存的命令输出，按文件日期、运行版本和检查范围理解。","txt","Git 已跟踪","508","9e07866fe2413942eb55d242a45a2bf97b6ae6abeddae56364496e9191255c01"
"2026-09-25","配套检查输出","原始检查日志","All checks passed!","reports/research_ui_ruff_20260917.txt","工程或审计保存的命令输出，按文件日期、运行版本和检查范围理解。","txt","Git 已跟踪","19","82b3e6a6c090a57601d22943bd23fca9218d1031dbe5a7b754092f9a156b4f18"
"2026-09-25","一、当前入口","当前本机发布证据","0.3.1：面向研究任务的网页修订","reports/research_ui_v0_3_1_20260917.zh-CN.md","当前本机发布证据。全量交叉表、标签与年度图、记录详情、归档缺口、词覆盖诊断和英文界面。","md","Git 已跟踪","7794","6881e21f48b908e2cadceb6a0906931321a8e48ce88fa7031e55c064ff079451"
"2026-09-25","四、数据契约、附件与正文质量","恢复前的候选证据","94 项疑似截断：本地正文恢复预检","reports/truncation_recovery_preflight.md","说明仅凭合并 CSV／JSONL 不能完成全文恢复；后续一篇有限恢复见下面三项。","md","Git 已跟踪","12812","c127170c3fc409be574a8bae9954c9221e2b8dd003b2f0f8005c381a907dcb64"
"2026-09-25","一、当前入口","只读审查证据","历史源码阅读：能复用什么、先做什么","reports/UPSTREAM_SOURCE_REVIEW_20260918.zh-CN.md","只读审查证据。CLAIMS 1.0/2.0、标签规范、50 条社交研究样本、赞助方来源、版本与评价缺口；尚未导入或替换当前应用。","md","新增文档（尚未 Git 跟踪）","17479","dd8b8d8591fe02d376b5a5633f955ca1c616d1b78869ee857718a6b7df62f378"
"2026-09-25","四、数据契约、附件与正文质量","历史交接原件，本地配套资料","***Project Information***","sources/FA25_SP26/DATASETDOC-fa25.md","阅读旧字段字典、清理说明和远端代码线索；不把旧数据数量或待办当作当前状态。","md","新增文档（尚未 Git 跟踪）","22044","71d2ae2a1713f10cda401276189047f372840b147eea40fe86357561cc25919b"
"2026-09-25","四、数据契约、附件与正文质量","历史单例原件，本地配套资料","NATIVE ADS Demo Example","sources/FA25_SP26/Readings/NATIVE ADS Demo Example.docx","查阅原始正文和内嵌图片；对应的可检索文本快照见历史研究部分。","docx","新增文档（尚未 Git 跟踪）","277664","a9b9b001a7a56e39fd7457229800305c77c99b29ee5eecf1f8d20dc5b71c7fc3"
"2026-09-25","四、数据契约、附件与正文质量","研究手稿原件，本地配套资料","Wells Amazeen Weinberg IJPP Jan 2025_after MA","sources/FA25_SP26/Readings/Wells Amazeen Weinberg IJPP Jan 2025_after MA.docx","核对采样、人工编码和图表；研究样本与变量不直接等同当前应用。","docx","新增文档（尚未 Git 跟踪）","5225714","5e8f84a0540e519943b6654a8d0907bf19ff22e61ee9a849edfd0c88dae35fd3"
"2026-09-25","一、当前入口","当前数据契约","新增批次与有序迁移","docs/PROTOTYPE_DATA_PIPELINE.md","upsert、snapshot、canonical JSONL、校验和迁移与验证边界。","md","新增文档（尚未 Git 跟踪）","8404","2fb396b774864c1d92c459799b650ae6e80d81f74458c829ce1c17fc37f29030"
"2026-09-30","一、当前入口","待客户材料","Prototype evaluation handoff","docs/PROTOTYPE_EVALUATION.md","检查与冻结客户问题、原文、分组及审阅；当前 pending。","md","当前提交文档","8503","f07dd1b87da38b2d8a64ba9cf67f8be3df15db0f562d10a543ac8f2bf7d46062"
"2026-09-30","一、当前入口","待填写模板","客户评价材料包","eval/client_review_20260925/README.md","真实问题、分组、审阅与金标准的空白入口，不是已确认题库。","md","新增文档（尚未 Git 跟踪）","4026","5aa51af84388d80f40880ea3d9097b98266a578d07e9810423a5faa89671ad5d"
"2026-09-29","一、当前入口","实施前需求差异","9 月 25 日要求差异","reports/MEETING_REQUIREMENTS_GAP_20260925.zh-CN.md","9/25会议实现前缺口；图谱、SQL分页、增量和migrations已有后续实现，不当作当前未做清单。","md","本机工作副本（未发布）","13691","2ee4bb4db074b847dc991ba1a5799a5a2a2fa0f7197938c5fa93d0320c10247d"
"2026-09-25","一、当前入口","本地实现证据","9 月 25 日可运行雏形","reports/MEETING_PROTOTYPE_20260925.zh-CN.md","关系网络、SQL 分页统计、导入迁移及浏览器／工程验证。","md","新增文档（尚未 Git 跟踪）","7372","f11edf9fe900716f330c8b2a392e747b597d6990f1b21cb01afdc90b3efce0fa"
"2026-09-25","一、当前入口","本地只读验证","雏形真实语料对账","reports/meeting_prototype_validation_20260925.json","统计一致性、分页、健康状态及一次请求耗时；非性能验收。","json","新增文档（尚未 Git 跟踪）","959","ab9cf60580f0ff68eee54f1ea40bd4c596287acce2ad92a16c29c91fc19c9cc3"
"2026-09-30","一、当前入口","Current project overview","CISS Advertising Observatory","README.md","English project scope, research questions, current technology, setup, live application and static page.","md","已提交的当前文档","4983","6e82fafa481d5a3871db4d6226b2e8bac57eaa812876bf0ef5f672c2c3619b3f"
"2026-09-30","一、当前入口","当前用户指南","Observatory user guide","docs/user_guide.md","节点、边、分项与文章选取，父分布和当前关系区分，跟随选取的数量导出。","md","本机工作副本（发布状态按回执）","24139","b8b54e7cd71078b176876b0204a55562bbdb1e715c865b750b4cd7a9224f6eb6"
"2026-09-30","一、当前入口","当前索引","项目文档阅读索引","docs/DOCUMENT_INDEX.zh-CN.md","当前英文入口、图谱选取和既有版本证据索引。","md","已提交的当前文档","34262","7a5fe00003eead36a2fa18e24a180be3e0eb70228a7df0aa0974f82629280e7e"
"2026-09-30","一、当前入口","阶段实施证据","实施与验收状态 — 当前补充与历史阶段记录","docs/acceptance_status.md","区分0.4.1工程/线上检查、历史阶段、生产恢复与客户验收。","md","已提交的当前文档","21839","b90c2f09ee0be8e1fa2e1c4fb94c1a8af2213ca07758eb16dc6816481ffaf981"
"2026-09-29","一、当前入口","审计及未发送沟通草稿","Michelle 六项反馈审计","reports/MICHELLE_FEEDBACK_AUDIT_20260929.zh-CN.md","要求差异、旧拒答根因、真实记录统计和剩余材料。","md","本机工作副本（未发布）","14309","9463774e36fa94f67f736c4faed96e07ca6a20d02e0fd5568d9027564330ab45"
"2026-09-29","一、当前入口","同日基础版实现证据","Michelle 反馈修正与本机试用","reports/MICHELLE_IMPLEMENTATION_20260929.zh-CN.md","固定句式免费统计和双向探索；默认Query后由模型理解并调用工具，理解步骤有费用。","md","本机工作副本（未发布）","4540","106840db89e901a2df30a2195ee85f6b3d67e4a39c708788f6a2063c4f162922"
"2026-09-29","一、当前入口","只读核查数据","Michelle 反馈只读核对回执","reports/michelle_feedback_audit_evidence_20260929.json","本机 SQL 与公开线上布局、计数和来源版本核对。","json","本机工作副本（未发布）","70423","228e26b25b90cd82382fa72e0c80b03f1cfa56b7895e9c5a634bfe4f14cd51af"
"2026-09-29","一、当前入口","只读工程证据","Michelle 统计问答真实库回执","reports/michelle_statistics_smoke_20260929.json","六个问句的免费路由、统计、范围和版本核对。","json","本机工作副本（未发布）","6677","6aa94cbad329fb294207a0be3d309d4d636c79ae017233d6eeca95834fd2e83a"
"2026-09-29","一、当前入口","工程及浏览器证据","Michelle 本机实现验证回执","reports/michelle_implementation_validation_20260929.json","732 项测试、真实库和网页操作结果；非客户语义验收。","json","本机工作副本（未发布）","1285","8179a7c396714090f653581cfd0aa37315f1fc70811e1bdbe51eae7c0e1c2507"
"2026-09-30","一、当前入口","当前本机工具契约","语言模型理解问题与 MCP 研究工具","docs/MCP_RESEARCH_TOOLS.zh-CN.md","七个工具、协议入口、预算、来源与图谱扩展限制。","md","本机工作副本（未发布）","14501","98f2ebb5004ca654cd713c6557c476a27ce067387bf861d882ee819415912d3d"
"2026-09-29","一、当前入口","本机实施验证","模型理解问题与 MCP 工具实施","reports/MCP_RESEARCH_IMPLEMENTATION_20260929.zh-CN.md","778 项非 live 回归、三个付费问题、真实协议和未接入能力。","md","本机工作副本（未发布）","5317","0441f103c9915844a1eaca7b8f5ad53196b9da253aad73e3854776c5baffee4a"
"2026-09-29","一、当前入口","真实模型与工具证据","工具与两题真实模型检查","reports/research_tools_smoke_20260929.json","数据库来源、图谱、正文区间及两题付费工具选择。","json","本机工作副本（未发布）","6598","c7d692bd5728bef91b9c2b6402b8626fa5998992396311044dce676fdeb1b168"
"2026-09-29","一、当前入口","网页真实模型证据","混合语言赞助方问题检查","reports/research_tools_browser_smoke_20260929.json","本机网页提交、工具选取、统计、范围及费用。","json","本机工作副本（未发布）","2214","5c0d1f2cdfc5df3140749bde0cce615114a56165f4a9c4d44d29d6cae6c6d1c6"
"2026-09-29","一、当前入口","真实协议与数据库证据","stdio MCP 协议检查","reports/mcp_protocol_smoke_20260929.json","独立进程初始化、七个工具、真实库来源和拒绝 SQL 参数。","json","本机工作副本（未发布）","2137","f490c93763d0dc70ee5067ecdfce29c35218de7bc6d0244af915f5fadc07c173"
"2026-09-29","一、当前入口","工程与有限模型证据","MCP 与模型工具验证汇总","reports/research_tools_validation_20260929.json","分开记录工程回归、协议检查、API 费用和语义验收缺口。","json","本机工作副本（未发布）","1390","ad0c5540210d47db6eada5dae12aa6494f14b2eeb9cb36728957d79226eae120"
"2026-09-30","一、当前入口","当前图谱契约","来源知识图谱及选取行为","docs/COLLECTION_KNOWLEDGE_GRAPH.zh-CN.md","具名来源关系、严格支持记录范围、文章视图换选与两类导出范围。","md","本机工作副本（发布状态按回执）","14726","2586060dfa3c29ffcc893e124a2af49d577849f66dbe22be41d4556838cb6706"
"2026-09-29","一、当前入口","本机实施验证","大幅交互知识图谱：实现与验证","reports/COLLECTION_KNOWLEDGE_GRAPH_20260929.zh-CN.md","图谱主视图、真实计数对账、工程与网页验证；不是线上或客户验收。","md","本机工作副本（未发布）","6981","0db9d13c087f897c0d17e4f47f77ec0ecbbccc21309baa5c09db1c008a0e0513"
"2026-09-29","一、当前入口","只读产品参考","How Do They Lobby 图谱交互参考","reports/LOBBY_GRAPH_REFERENCE_20260929.zh-CN.md","实际网络与实体详情核对、可借鉴交互和不能迁移的游说语义。","md","本机工作副本（未发布）","4821","a8a9541abb82446549cd4017e368d278968d09c72113e78c9de77c6f2d75c8dc"
"2026-09-29","一、当前入口","真实数据库只读证据","集合图谱六范围计数核对","reports/collection_graph_smoke_20260929.json","完整、公司、媒体、交叉、日期与空结果对账；不调用模型。","json","本机工作副本（未发布）","18458","4635472789d1a5730ea48b0daf0682d27ec26f71f4f403539285b6841a4a2e7f"
"2026-09-29","一、当前入口","工程与网页证据","集合图谱验证汇总","reports/collection_graph_validation_20260929.json","工程分母、真实库、浏览器操作、窄屏及未捕获下载字节的边界。","json","本机工作副本（未发布）","1980","de3e5a42e18b4c6648ed7cd4fc9a0682a3f3964e857291db3d2fa67e6ff5e1ea"
"2026-09-29","一、当前入口","本机实施验证","图谱对象详情第二版：客户问题、占比与原始记录","reports/GRAPH_DETAILS_V2_20260929.zh-CN.md","对象构成环图、完整数量／占比、记录下钻、历史标签探索及六项客户要求的实现边界；浏览器状态另见验证 JSON。","md","本机工作副本（未发布）","9390","06df685ce1387fbf5863a071ba26886236a029ad0ad754dd7c4e950970bd4357"
"2026-09-29","一、当前入口","实施前需求审计","客户六项研究问题：图谱详情改版前复核","reports/CLIENT_REQUIREMENTS_GRAPH_V2_20260929.zh-CN.md","本轮改版前代码与材料审查、六问优先级、当前可实现部分、数据／CLAIMS／客户裁决依赖；不当作完成回执。","md","本机工作副本（未发布）","10996","3e9017c7e78ce2d69f75969b01aa47bdc9e68c17ed6dfd7c7d925246cffd93a5"
"2026-09-29","一、当前入口","真实数据库只读证据","图谱占比分母与范围检查","reports/graph_breakdowns_smoke_20260929.json","8 个筛选范围、88 个实体占比分区、1314 个关系详情与同范围 SQL 对账；来源／索引不变，无模型调用。","json","本机工作副本（未发布）","206405","60f6cff77fce2281d408993f2792ec5836e2f57ef79201d67025858c7a328e77"
"2026-09-29","一、当前入口","工程与网页验证","图谱详情第二版验证汇总","reports/graph_details_v2_validation_20260929.json","最新926项完整回归、118项尺寸修复相关检查、真实库回执、实际网页与窄屏检查及截图；下载字节未捕获，不代替客户或线上验收。","json","本机工作副本（未发布）","12669","4f360658e1891bca5423ad5eec5e1179526ffff20145c9dc7f85cb202b5c807a"
"2026-09-29","二、原始要求与计划如何核对","当前只读审计","FA26 原始要求、9/25 会议与 Michelle 邮件：合并核对","reports/REQUIREMENTS_CONSOLIDATED_AUDIT_20260929.zh-CN.md","重新读取原件／批注并对照当前代码、既有回执和本机／线上布局；六问、未来边界、材料责任与发布差异。","md","本机工作副本（未发布）","29592","8233bd54278388b7e005ff7d34d82bea1c6fd717252a7f3c1235248aa11f167a"
"2026-09-29","二、原始要求与计划如何核对","来源与只读检查证据","原件、版本、批注、HTTP 与现有工程回执","reports/requirements_consolidated_evidence_20260929.json","四份DOCX哈希／版本比较、邮件无日期的来源边界、健康／布局及未重跑测试／未发布声明。","json","本机工作副本（未发布）","24146","3b394fd7c96f60729d60d373896b5b845975aea9f5ba3634a02e4f84836cbee8"
"2026-09-29","二、原始要求与计划如何核对","本地原文核对副本","FA26 (1) 原件211段编号全文","analysis/FA26_project_brief_v1_numbered_20260929.txt","F001–F211是非空XML段落编号，包括表格，不是页码；本地analysis不自动随仓库交付。","txt","本地配套材料（Git忽略，不自动交付）","18670","1b9af8476573d39f533d48ce89cb94ed501f8f4d04c2f8ebaf2743b5cbaad746"
"2026-09-29","二、原始要求与计划如何核对","本地原文核对副本","9/25会议原件57段编号全文","analysis/DS549_meeting_20260925_numbered_20260929.txt","M001–M057对应重新读取的原件段落；动态图谱、来源、性能、跨年份和工程维护要求。","txt","本地配套材料（Git忽略，不自动交付）","2978","8b622c071bf6268bb781de4d8b6eb195a17f7cb18cac2287bf9091681b60d6fd"
"2026-09-29","二、原始要求与计划如何核对","用户提供邮件相关摘录","Michelle反馈邮件相关英文摘录（发送日期未知）","analysis/MICHELLE_FEEDBACK_EMAIL_EXCERPT_UNDATED.txt","保留六问和三类真实用户任务；无邮件头或发送日期，省略问候／转发请求／重复中文，不授权发送邮件。","txt","本地配套材料（Git忽略，不自动交付）","1957","43cf8f67f27cb5107b2cec662d3fb0da75ada63b21e32307b2c44834cf2d9980"
"2026-09-29","二、原始要求与计划如何核对","文档链接与登记验证","合并要求核对的文档验证","reports/documentation_requirements_validation_20260929.json","只检查四份更新文档的本地链接和本次变更清单哈希，不重跑产品测试或证明客户验收。","json","本机工作副本（未发布）","1273","3520c9c2f52e1726d497ac88cb6a1fb57b594a3a31f479f2ea3eefb2746a975b"
"2026-09-30","三、运行、维护与交接","当前复现契约","Current wheel reproduction","docs/CURRENT_RELEASE_REPRODUCTION.md","独立 wheel、锁定依赖、全部资源/迁移、canonical dry-run 与本机隔离库 sentence600 工程复现；不冒充生产数据恢复。","md","本机工作副本（发布状态按回执）","6110","b1f074a80307538518420c0c0d1eff388de6a08735fd628f070f2adaf105663f"
"2026-09-30","三、运行、维护与交接","工程性能诊断","Dashboard engineering performance baseline","docs/PERFORMANCE_BASELINE.md","37,000 物理合成记录的实际数据库方法延迟/JSON体积与安全复现；非客户 SLA 或浏览器图谱验收。","md","本机工作副本（发布状态按回执）","7093","f4240751f8c47e1220a832ec0121745111bc840fc71a7008cc2855e97614fc11"
"2026-09-30","三、运行、维护与交接","独立安装工程证据","0.4.0 wheel 离线复现回执","reports/current_release_offline_reproduction_20260929.json","独立 venv、50 文件、41 模块、canonical dry-run 与句界区间；database:not_requested。","json","本机工作副本（发布状态按回执）","10757","389606a76d886357ded2b6d911b695254891421ff63fa8e22ea8a3bf35df349f"
"2026-09-30","三、运行、维护与交接","历史验证阶段","0.4.0 wheel 离线复现早期阶段","reports/current_release_offline_reproduction_20260929.stage1.json","保留最终 SVG/依赖/锁文件核对增强之前的阶段回执；不覆盖最终验证范围。","json","本机工作副本（发布状态按回执）","8092","8b820f64a72bdfdbcd543169ff0c3666124a066e2282e3bcbc4632d1063cd7b5"
"2026-09-30","三、运行、维护与交接","隔离测试库工程证据","0.4.0 wheel 实际数据库复现","reports/current_release_database_reproduction_20260930.json","本机 obs_test 随机 schema：迁移版本2、两年 upsert、重复不增、6片段/3缺向量hash、激活阻断、模型表全0；非生产恢复。","json","本机工作副本（发布状态按回执）","11563","d79562f1a4b1210aaa939e84ed9b40c1e136e7d4bf5643e8144e8b14cf133c62"
"2026-09-30","三、运行、维护与交接","合成数据性能证据","37,000 条数据库性能基线回执","reports/dashboard_performance_baseline_20260930.json","物理合成记录、15次串行测量、原始延迟和JSON体积；全量图谱元数据成本、隔离schema清理；非真实社交或并发验收。","json","本机工作副本（发布状态按回执）","25572","d920d3b14ff3fef2f3e9161430d22ccec3f565ad478f513b2ef71b17917d2363"
"2026-09-30","一、当前入口","当前发布与交接记录","0.4.0／0.4.1 发布与交接验证","reports/RELEASE_V0_4_0_20260930.zh-CN.md","版本提交/CI/部署与线上问答/首屏修复检查；保留0.4.0基线和客户材料边界。","md","本机工作副本（发布状态按回执）","7653","6bce5aabebc96d008b0bdc46f1c307478ecedd37c09cf0402a8739de911d6c9e"
"2026-09-30","三、运行、维护与交接","发布前工程与HTTP证据","0.4.0 发布前验证回执","reports/release_v0_4_0_preflight_20260930.json","938项工程回归、独立wheel检查、本机0.4.0与更新前生产签名；发布前快照不宣称线上已升级。","json","本机工作副本（发布状态按回执）","1766","f105d6697f2ebb8786ef870846495654941849716cefc22304188fd097a5d4ef"
"2026-09-30","三、运行、维护与交接","当前工程验证工具","Current installed wheel verification","scripts/verify_current_release.py","独立安装文件清单/哈希、dry-run、sentence600及显式loopback测试库隔离验证；不调用模型或清空主库。","py","本机工作副本（发布状态按回执）","15437","f0cb9e0f4f22335117eb45f59b966c6f59b2a89cbba2243b3a513c9b09e9297e"
"2026-09-30","三、运行、维护与交接","当前性能诊断工具","Synthetic PostgreSQL dashboard benchmark","scripts/benchmark_dashboard.py","显式loopback测试库生成物理合成记录、测量已有SQL方法并清理自有schema；不写生产数据。","py","本机工作副本（发布状态按回执）","14398","04666c4525be043db44f13cb16cbdeb846bd0ca3b78b8556cfeb0d729ce972cc"
"2026-09-30","三、运行、维护与交接","文档登记与链接核对","0.4.0 文档登记验证回执","reports/documentation_release_validation_20260930.json","本轮新增/修改登记哈希与本地文档链接；不重跑产品、模型、数据库或客户验收。","json","本机工作副本（发布状态按回执）","5145","081ccee49632cb7f0adc78692c98b256595a91996666338f047e096ffe1279eb"
"2026-09-30","三、运行、维护与交接","独立制品与隔离库工程证据","0.4.1 wheel 实际数据库复现","reports/current_release_database_reproduction_v0_4_1_20260930.json","空图回调修复后实际安装包，全部资源/迁移与合成两年upsert、句界/缺向量阻断；不恢复生产语料/向量/历史答案。","json","本机工作副本（发布状态按回执）","11309","fc8fe2eae209ba9d7327bf4017984c1241f3b7f85d5662b7bce6510dad3d55a6"
"2026-09-30","三、运行、维护与交接","线上客户例题工具检查","0.4.0 三道生产问题回执","reports/release_v0_4_0_production_questions_20260930.json","真实浏览器问答：NYT、ExxonMobil、Washington Post；有限已知例题/工具连通与费用，不冒充独立语义准确率。","json","本机工作副本（发布状态按回执）","6702","1cb607e3ab34a8f1226cc0ad3d368e74b419d085d0245bb9df36609f5ea4a4a2"
"2026-09-30","三、运行、维护与交接","实际发布与线上验证证据","0.4.1 最终发布回执","reports/release_v0_4_1_publication_20260930.json","目标提交、GitHub CI、Railway部署/健康签名、真实网页验证与费用边界；不代表客户或独立语义验收。","json","本机工作副本（发布状态按回执）","8110","8241d196f0a4e824fb6c895e46fc4674778aae7b38f2645507328e2a03fba8f4"
"2026-09-30","三、运行、维护与交接","0.4.1 线上截图证据","release_v0_4_1_graph_first_load_20260930","reports/screenshots/release_v0_4_1_graph_first_load_20260930.jpg","经发布代理确认有效的0.4.1实际浏览器截图；仅证明截图所示页面状态，不代替数据/模型/客户验收。","jpg","本机工作副本（发布状态按回执）","125112","34a00708484781df4f6e9b3721270f582fa064a29f8ca82ed2eba298cc4e784b"
"2026-09-30","三、运行、维护与交接","0.4.1 线上截图证据","release_v0_4_1_graph_exxonmobil_expanded_20260930","reports/screenshots/release_v0_4_1_graph_exxonmobil_expanded_20260930.jpg","经发布代理确认有效的0.4.1实际浏览器截图；仅证明截图所示页面状态，不代替数据/模型/客户验收。","jpg","本机工作副本（发布状态按回执）","104199","c462712965fbd9c96ac2dd503a8380256286aa64df4576fd2810b37ed52455b9"
"2026-09-30","三、运行、维护与交接","0.4.0 线上截图证据","release_v0_4_0_nyt_query_20260930","reports/screenshots/release_v0_4_0_nyt_query_20260930.jpg","经发布代理确认有效的0.4.0实际浏览器截图；仅证明截图所示页面状态，不代替数据/模型/客户验收。","jpg","本机工作副本（发布状态按回执）","98045","dde59af018a70347fe1b17cef634381e8d8fcf567733aa5e799ee90a7e91ad24"
"2026-09-30","三、运行、维护与交接","0.4.1 实际计数导出证据","ExxonMobil 四媒体计数 CSV","reports/release_v0_4_1_exxonmobil_counts_20260930.csv","实际下载的0.4.1对象计数：4媒体、5/5/3/2条、共同分母15；非原始语料交付或真实世界广告总量。","csv","本机工作副本（发布状态按回执）","467","f2370d471ccbae2ce7f19d9848a4902c132142fea45f6d94e897a15985b1a23c"
"2026-09-30","三、运行、维护与交接","发布后文档登记与链接核对","0.4.1 发布后文档登记验证回执","reports/documentation_release_publication_validation_20260930.json","发布后新增/修改登记哈希与本地文档链接；保留0.4.0历史回执，不重跑产品、模型、数据库或客户验收。","json","本机工作副本（发布状态按回执）","7840","8dc86cbf95f2eeb586e10951a44223b7f0740d15e61110232953b14a1d2db8cd"
"2026-09-30","一、当前入口","当前发布验证","图谱选取与关系范围一致性 0.4.2","reports/GRAPH_SELECTION_V0_4_2_20260930.zh-CN.md","26项新状态回归、982项安装包测试、真实语料只读检查、浏览器与发布范围。","md","本机工作副本（发布状态按回执）","6022","354e7fdee5f0adecccb4efeee7d31b2c79d3cb0b13e0c9dae90659eb1bf90b37"
"2026-09-30","三、运行、维护与交接","只读工程检查工具","Graph selection consistency check","scripts/check_graph_selection.py","遍历筛选语料全部节点、边、分项及展开记录；与SQL对比，阻止模型调用。","py","本机工作副本（发布状态按回执）","15194","ede49c1b3989c94f3f09206f12e1b18a417996188eb19a720b86106bb67e0630"
"2026-09-30","三、运行、维护与交接","本机页面证据","0.4.2 本机选中关系截图","reports/screenshots/graph-selection-v0-4-2-local-20260930.png","实际本机ExxonMobil→Washington Post选取关系、5条支持与端点分母。","png","本机工作副本（发布状态按回执）","113485","58665d6e281df1b2a9b9936955740f12a7a7ce046d947fd84c2f5dbdfb2379ca"
"2026-09-30","三、运行、维护与交接","实际语料工程证据","0.4.2 实际语料选取一致性回执","reports/graph_selection_consistency_v0_4_2_20260930.json","当前本机语料和多组Filters的精确关系及支持记录范围；健康签名不变，非客户验收。","json","本机工作副本（发布状态按回执）","22176","5777f8bfcb2d0a1882c5073131e9f0f3325a86a206e443868dd4b2dcbad54df1"
"2026-09-30","三、运行、维护与交接","实际浏览器数量导出","0.4.2 当前关系数量 CSV","reports/graph_selection_v0_4_2_selected_counts_20260930.csv","生产浏览器导出ExxonMobil→Washington Post仅1行/5条，父分母15，保留原始字段。","csv","本机工作副本（发布状态按回执）","223","1fa3c4bdb1ef0a739833f17a749eb4541a6fcb08fd832f289a36ed9c7c906089"
"2026-09-30","三、运行、维护与交接","实际发布与页面证据","0.4.2 图谱选取修复发布回执","reports/graph_selection_publication_v0_4_2_20260930.json","具体提交CI、生产健康与浏览器点选、下载的有界验证。","json","本机工作副本（发布状态按回执）","12365","7334882fe6fd7068149ef5a4376c3a9445e9980ab456151268c891601d052658"
"2026-09-30","三、运行、维护与交接","生产页面证据","0.4.2 生产选中关系截图","reports/screenshots/graph-selection-v0-4-2-production-20260930.png","生产页面具名关系与当前支持记录，非全部语义质量证明。","png","本机工作副本（发布状态按回执）","104804","91183ba2029444abee3c33dab17be8f4fd08f10796cb428d006b71410a55201f"
"2026-09-30","一、当前入口","Current setup and user guide","Setup and user guide","docs/guide.md","English dashboard use, configuration, data import, architecture, deployment and maintenance.","md","已提交的当前文档","4490","7878d5679605dc7605d4558ce2ba3a04b06a66729faead2468cc43366527b668"
"2026-09-30","一、当前入口","当前实施或审阅草案","Client materials and review request","deliverables/client_materials_request_v0_4_2.en.md","9/30 当前恢复、附件、评价、CLAIMS 接入和交接；按文内证据与待办边界阅读。","md","当前提交文档","5004","45b42cec2140b970af7268835991889691df48a9c0a23a7759211fd285fba89d"
"2026-09-30","一、当前入口","当前实施或审阅草案","Native advertising demonstration — 0.4.2","deliverables/native_demo_v0_4_2.en.md","9/30 当前恢复、附件、评价、CLAIMS 接入和交接；按文内证据与待办边界阅读。","md","当前提交文档","7861","809f603f93a3a0694d6e6f163d59f656b3e063c3b8be86fdd4ebef9ec11b4c91"
"2026-09-30","一、当前入口","当前实施或审阅草案","Client review of the current release","docs/CLIENT_REVIEW_V0_4_2.md","9/30 当前恢复、附件、评价、CLAIMS 接入和交接；按文内证据与待办边界阅读。","md","已发布文档","10577","93b6a182eb7e26aef6c86462c20f2bde0b3343f3de0c5458f18c6859e4c04252"
"2026-09-30","一、当前入口","当前实施或审阅草案","CLAIMS integration plan","docs/claims_integration_plan.md","9/30 当前恢复、附件、评价、CLAIMS 接入和交接；按文内证据与待办边界阅读。","md","已提交的当前文档","16404","ddee0ff79ccecfda343a50911e9e0303f4b076f22dad37bc9741543871860822"
"2026-09-30","一、当前入口","当前实施或审阅草案","Current project handoff","docs/current_handoff.md","9/30 当前恢复、附件、评价、CLAIMS 接入和交接；按文内证据与待办边界阅读。","md","已提交的当前文档","26102","652888daaca916e8f59de3010e5a38a127246ff0f004b8a691c5adba64820709"
"2026-09-30","一、当前入口","当前实施或审阅草案","Reviewed record attachments","docs/record_assets.md","9/30 当前恢复、附件、评价、CLAIMS 接入和交接；按文内证据与待办边界阅读。","md","当前提交文档","2872","88f9ad7166d0f10a21ae90c4f755557219919bade1a8fcdf6100a5435b09aec1"
"2026-09-30","一、当前入口","当前实施或审阅草案","Current local database recovery","reports/DATABASE_RESTORE_20260930.en.md","9/30 当前恢复、附件、评价、CLAIMS 接入和交接；按文内证据与待办边界阅读。","md","当前提交文档","2643","76e9a958dde2de847c40bb375fe56a112bf7ea03de65e84ddd9616eec950a717"
"2026-09-30","一、当前入口","当前实施或审阅草案","9 月 30 日交付推进与 CLAIMS 接入安排","reports/DELIVERY_PROGRESS_20260930.zh-CN.md","9/30 当前恢复、附件、评价、CLAIMS 接入和交接；按文内证据与待办边界阅读。","md","已发布文档","4911","a5cf5d4846e20273328938bf67bc6c412e844ff80b6e2b7b6d23711a5a262b79"
"2026-09-30","一、当前入口","工程实测回执","database_restore_v0_4_2_complete_20260930","reports/database_restore_v0_4_2_complete_20260930.json","9/30 当前恢复、附件、评价、CLAIMS 接入和交接；按文内证据与待办边界阅读。","json","当前提交文档","6996","93bf4dd86a668fc07590d702da8e1a864c5302f7553632e3e6b278db6420de92"
"2026-09-30","一、当前入口","工程实测回执","claims_source_bundle_audit_20260930","reports/claims_source_bundle_audit_20260930.json","当前交付、恢复、附件、评价与 CLAIMS；按正文区分已验证、草案及待办。","json","当前提交文档","5262","149b9f9461281f1f24c6c14c9bdd7900fc47181521e65cdc8071380f9a607b5d"
"2026-09-30","一、当前入口","工程实测回执","current_release_offline_reproduction_v0_4_3_20260930","reports/current_release_offline_reproduction_v0_4_3_20260930.json","当前交付、恢复、附件、评价与 CLAIMS；按正文区分已验证、草案及待办。","json","当前提交文档","10778","688342f7378bea9d71fc488918a1d6be0615b8d4ebf1d8d75a21d97a12c433d1"
"2026-09-30","七、测试、发布与交付证据","提交绑定发布回执","0.4.3 维护发布与 CI 回执","reports/release_v0_4_3_publication_20260930.json","两个仓库 CI、实际部署版本、来源及索引一致、静态页和路由可达；非语义或用户验收。","json","已发布文档","4439","a3fbae204e1a78b7297ab70f7ed30f667f0d7cedfab40620286b389dedd6b142"
"2026-09-30","五、检索、模型与评价","当前维护工具","CLAIMS 来源审计使用说明","docs/claims_source_audit.md","只读来源关联、结果解码、字符投影、私有审核文件和导入前置条件。","md","已提交的当前文档","6495","9066382f8ce9327e467b8e77037b56bb6257f457ad35dce4054888061070cc00"
"2026-09-30","七、测试、发布与交付证据","实际只读审计","CLAIMS 来源关联与结果适配","reports/CLAIMS_SOURCE_LINKAGE_20260930.zh-CN.md","严格及显式字符投影对比；文章关联、引文定位与人工语义审查分开。","md","已提交的当前文档","3487","c2495715fb51364ba3b6768996c271679df3970d2d0a5828c132fe65e11ec4af"
"2026-09-30","七、测试、发布与交付证据","固定快照审计回执","CLAIMS 来源审计数字与哈希","reports/claims_source_linkage_20260930.json","同一正文快照的两次审计、精确原文引文核对和零调用／写入／发布。","json","已提交的当前文档","18293","b8f498d301481a708c692a76cd3766fa35e34052bd345326ed2251787e283780"
"2026-09-30","七、测试、发布与交付证据","独立安装包核对","0.4.4 安装包复现","reports/current_release_offline_reproduction_v0_4_4_20260930.json","独立环境中的安装包、全部运行资源、模块和离线工程夹具；不是语义验收。","json","已提交的当前文档","11477","94b8abadc397f795f424252a681b8f78c1addd44a4748d3fa0aaac1650da37e2"
"2026-09-30","七、测试、发布与交付证据","提交绑定发布回执","0.4.4 维护发布与 CI 回执","reports/release_v0_4_4_publication_20260930.json","两个仓库 CI、实际部署、来源及索引一致和路由可达；新 CLAIMS 标签未发布。","json","当前提交文档","4352","55201fe46af21a0ae100a8e1e8daf058dab95a9650baa5ffce051c72b0b3dcb7"
"2026-09-30","三、运行、维护与交接","当前实施说明","CLAIMS2 审核结果导入","docs/claims_result_import.md","私有审计／来源与语义声明、预演／事务导入、追加审核／撤销和只读原文查询；真实候选未批准。","md","当前提交文档","11206","1fc4b8972d9ddade98cd3d2017b9d5edca449f4c8084ea920ec80da457fbd6cf"
"2026-09-30","三、运行、维护与交接","当前评价输入契约","Frozen evaluation inputs","docs/frozen_evaluation.md","双集合 format-2 输入、哈希／来源／索引绑定、严格 JSON/CSV 与真实人工验收边界；未冻结真实题库。","md","当前提交文档","6486","440edc015119c8136f6845f373f590bc2f4453bf944574486b1af51dd4d3e3f5"
"2026-09-30","七、测试、发布与交付证据","工程范围说明","CLAIMS2 import and delivery engineering 0.4.5","reports/CLAIMS_IMPORT_V0_4_5_20260930.en.md","1,406 离线及 22 隔离数据库测试、候选全 hold、独立表和交接修订；非分类质量／客户验收。","md","当前提交文档","4600","f24cb109d15d097c57117bcf04ab8bc5fab7dd183b988c2cf4947728fb3bee58"
"2026-09-30","七、测试、发布与交付证据","固定工程实测","0.4.5 CLAIMS2 工程回执","reports/claims_import_engineering_v0_4_5_20260930.json","实际 wheel／随机测试 schema 与本机迁移3、来源索引不变、37候选未批准；零模型与新标签。","json","当前提交文档","6115","ef82c06ecd646fbee511f20cf207c3af3880dd83dba7c9371f88281bf658957e"
"2026-09-30","七、测试、发布与交付证据","独立安装包核对","0.4.5 wheel 离线复现","reports/current_release_offline_reproduction_v0_4_5_20260930.json","独立已安装制品代码／资源／SQL 哈希与入口；不恢复生产语料、向量或历史答案。","json","当前提交文档","11891","57166b9b57b52f5a122ec756eef78850c991ecf11537c55ac8627de2dbf4cde8"
"2026-09-30","三、运行、维护与交接","当前源码打包工具","Build source handoff archive","scripts/build_handoff.py","Git跟踪公共文件白名单、Docker／Railway／CI必需文件、提交和源文件／制品哈希；排除私有材料。","py","当前提交文档","8359","72b0f23bba05a0925fdbbd5d9b048c4ea2f7fd34b62aed00368d4f2c0a825396"
"2026-09-30","三、运行、维护与交接","当前评价准备工具","Prepare reviewed collection inputs","scripts/prepare_client_review.py","检查真实审核／问题分组与来源后写新format-2目录；现有材料待办，无模型调用。","py","当前提交文档","12466","fefd3c3bc7e5fd4359f87fbe25c10aa8fa1f54b29083ba0ee6a7550860750c53"
"2026-09-30","七、测试、发布与交付证据","固定实际发布证据","0.4.5 生产发布回执","reports/release_v0_4_5_publication_20260930.json","两个已测代码提交、双 CI、Railway 0.4.5 与迁移3、HTTP和原生数据索引不变；不表示客户或语义验收。","json","当前提交文档","4636","9052ea783a3236646c3e6b6ad472e7ddc2b6f9ed387308099ca6189c4728d0b9"
"2026-09-30","七、测试、发布与交付证据","固定实际发布证据","0.4.5 实际源码交接包","reports/source_handoff_v0_4_5_20260930.json","原版与英文实际ZIP、版本/提交/条目/哈希/必需部署资源核对；私有数据配置另行交接。","json","当前提交文档","2078","09675a6dac55da11838c7b515aae424671e143b09651f1dc0c9528f9a69bddd6"
"2026-09-30","三、运行、维护与交接","当前使用与接口说明","Read published CLAIMS2 results","docs/claims_read_views.md","网页、详情、图谱与 MCP 的 NC／SC 定义及精确证据、独立分类版本、分页和覆盖边界；实际候选待审。","md","当前提交文档","4173","2cb6f0e9723dba7775817f6a415d2cf328641642748988da6c8bcd4234209212"
"2026-09-30","三、运行、维护与交接","当前维护工具说明","Find legacy CLAIMS article sources","docs/claims_source_discovery.md","旧来源未知 URL 本地精确匹配及可选单次付费搜索；候选 URL 与模型建议不自动绑定。","md","当前提交文档","3953","c237f73042371742c59e9b4156d7facf7344de055623eb016c5af1ba0173942d"
"2026-09-30","七、测试、发布与交付证据","工程范围说明","CLAIMS2 evidence and legacy source discovery 0.4.6","reports/CLAIMS_READ_V0_4_6_20260930.en.md","1,589 离线／33 隔离数据库测试、实际 stdio MCP、一次来源搜索；尚未确认原文或发布分类。","md","当前提交文档","2109","6f561aabbc1aebbf9c6cfc355f6ed99c819c1daf70e2196851198aa4f237b38d"
"2026-09-30","七、测试、发布与交付证据","固定工程实测","0.4.6 CLAIMS2 read and source lookup receipt","reports/claims_read_engineering_v0_4_6_20260930.json","安装包、同快照来源、具体赋值关系、局部范围、费用结算与本机空状态；非客户语义验收。","json","当前提交文档","3603","a098454d4d5f1f23ec52631edfddd99c0e2261353e1019f0b072559590ec7040"
"2026-09-30","七、测试、发布与交付证据","独立安装包核对","0.4.6 installed wheel reproduction","reports/current_release_offline_reproduction_v0_4_6_20260930.json","独立已安装制品、代码／资源／SQL 哈希和入口；不验证生产内容、向量或备份恢复。","json","当前提交文档","12306","3020b61343253f67734f7a5eac88bcee4f2cae09e22416b2576e8dc6912a239c"
